"wielkosc","mnożenie_naiwne","mnożenie_ulepszone","mnożenie_BLAS"
1,0.000001,0.000001,0.000003
1,0.000001,0.000002,0.000001
1,0.000001,0.000001,0.000001
1,0.000000,0.000000,0.000000
1,0.000001,0.000001,0.000001
1,0.000000,0.000000,0.000000
1,0.000001,0.000000,0.000000
1,0.000001,0.000001,0.000001
1,0.000000,0.000000,0.000000
1,0.000001,0.000001,0.000001
2,0.000001,0.000001,0.000001
2,0.000001,0.000001,0.000001
2,0.000000,0.000000,0.000000
2,0.000001,0.000000,0.000000
2,0.000001,0.000001,0.000001
2,0.000000,0.000000,0.000000
2,0.000001,0.000001,0.000001
2,0.000000,0.000000,0.000000
2,0.000001,0.000001,0.000000
2,0.000000,0.000001,0.000001
3,0.000001,0.000000,0.000000
3,0.000000,0.000000,0.000000
3,0.000001,0.000001,0.000001
3,0.000003,0.000001,0.000001
3,0.000000,0.000000,0.000000
3,0.000001,0.000001,0.000001
3,0.000000,0.000000,0.000000
3,0.000001,0.000001,0.000001
3,0.000000,0.000000,0.000000
3,0.000001,0.000001,0.000001
4,0.000000,0.000001,0.000001
4,0.000001,0.000001,0.000001
4,0.000001,0.000001,0.000000
4,0.000001,0.000000,0.000000
4,0.000001,0.000001,0.000000
4,0.000001,0.000001,0.000001
4,0.000000,0.000000,0.000000
4,0.000001,0.000001,0.000001
4,0.000001,0.000001,0.000001
4,0.000000,0.000000,0.000000
5,0.000001,0.000001,0.000000
5,0.000000,0.000000,0.000000
5,0.000000,0.000000,0.000000
5,0.000001,0.000001,0.000001
5,0.000001,0.000001,0.000001
5,0.000001,0.000001,0.000001
5,0.000000,0.000000,0.000000
5,0.000001,0.000001,0.000000
5,0.000001,0.000001,0.000001
5,0.000001,0.000001,0.000001
6,0.000001,0.000001,0.000001
6,0.000001,0.000000,0.000001
6,0.000000,0.000000,0.000001
6,0.000000,0.000000,0.000001
6,0.000000,0.000000,0.000000
6,0.000000,0.000000,0.000000
6,0.000001,0.000001,0.000000
6,0.000001,0.000001,0.000001
6,0.000001,0.000001,0.000001
6,0.000001,0.000001,0.000001
7,0.000001,0.000001,0.000001
7,0.000001,0.000001,0.000003
7,0.000001,0.000001,0.000001
7,0.000001,0.000001,0.000001
7,0.000001,0.000001,0.000000
7,0.000001,0.000000,0.000001
7,0.000000,0.000000,0.000001
7,0.000001,0.000001,0.000001
7,0.000001,0.000001,0.000001
7,0.000001,0.000001,0.000001
8,0.000004,0.000001,0.000001
8,0.000001,0.000001,0.000001
8,0.000001,0.000001,0.000001
8,0.000001,0.000000,0.000001
8,0.000001,0.000001,0.000001
8,0.000001,0.000000,0.000001
8,0.000001,0.000001,0.000001
8,0.000001,0.000000,0.000001
8,0.000001,0.000001,0.000001
8,0.000001,0.000000,0.000001
9,0.000001,0.000001,0.000001
9,0.000001,0.000001,0.000001
9,0.000001,0.000001,0.000001
9,0.000000,0.000001,0.000001
9,0.000001,0.000000,0.000001
9,0.000001,0.000001,0.000001
9,0.000001,0.000001,0.000004
9,0.000003,0.000002,0.000001
9,0.000001,0.000001,0.000001
9,0.000001,0.000000,0.000001
10,0.000001,0.000002,0.000001
10,0.000001,0.000001,0.000001
10,0.000002,0.000001,0.000002
10,0.000001,0.000001,0.000001
10,0.000001,0.000001,0.000001
10,0.000001,0.000001,0.000001
10,0.000002,0.000001,0.000002
10,0.000001,0.000001,0.000001
10,0.000001,0.000000,0.000001
10,0.000001,0.000001,0.000001
11,0.000002,0.000001,0.000001
11,0.000001,0.000001,0.000002
11,0.000001,0.000001,0.000002
11,0.000001,0.000001,0.000002
11,0.000001,0.000001,0.000001
11,0.000001,0.000001,0.000001
11,0.000002,0.000001,0.000001
11,0.000004,0.000002,0.000004
11,0.000002,0.000002,0.000002
11,0.000001,0.000001,0.000002
12,0.000002,0.000002,0.000002
12,0.000002,0.000002,0.000002
12,0.000002,0.000001,0.000001
12,0.000002,0.000002,0.000002
12,0.000002,0.000002,0.000002
12,0.000002,0.000002,0.000002
12,0.000002,0.000002,0.000002
12,0.000002,0.000002,0.000002
12,0.000002,0.000002,0.000002
12,0.000003,0.000003,0.000003
13,0.000002,0.000001,0.000002
13,0.000002,0.000002,0.000002
13,0.000002,0.000001,0.000001
13,0.000002,0.000001,0.000001
13,0.000002,0.000002,0.000002
13,0.000002,0.000002,0.000002
13,0.000002,0.000002,0.000002
13,0.000002,0.000001,0.000002
13,0.000002,0.000001,0.000001
13,0.000002,0.000002,0.000002
14,0.000002,0.000002,0.000002
14,0.000003,0.000002,0.000002
14,0.000002,0.000001,0.000002
14,0.000006,0.000006,0.000003
14,0.000003,0.000002,0.000002
14,0.000002,0.000001,0.000002
14,0.000002,0.000001,0.000002
14,0.000002,0.000001,0.000002
14,0.000003,0.000002,0.000002
14,0.000002,0.000001,0.000002
15,0.000004,0.000006,0.000007
15,0.000003,0.000002,0.000003
15,0.000003,0.000001,0.000002
15,0.000003,0.000002,0.000003
15,0.000002,0.000002,0.000003
15,0.000003,0.000002,0.000002
15,0.000002,0.000002,0.000003
15,0.000003,0.000002,0.000002
15,0.000002,0.000002,0.000003
15,0.000003,0.000002,0.000002
16,0.000004,0.000006,0.000003
16,0.000003,0.000003,0.000021
16,0.000003,0.000002,0.000004
16,0.000004,0.000002,0.000003
16,0.000004,0.000002,0.000003
16,0.000003,0.000002,0.000003
16,0.000003,0.000002,0.000003
16,0.000003,0.000003,0.000003
16,0.000004,0.000002,0.000003
16,0.000003,0.000002,0.000003
17,0.000004,0.000002,0.000003
17,0.000003,0.000005,0.000009
17,0.000004,0.000002,0.000003
17,0.000004,0.000003,0.000003
17,0.000004,0.000003,0.000003
17,0.000003,0.000002,0.000003
17,0.000003,0.000002,0.000003
17,0.000003,0.000002,0.000003
17,0.000003,0.000002,0.000003
17,0.000004,0.000002,0.000004
18,0.000005,0.000007,0.000009
18,0.000005,0.000003,0.000004
18,0.000005,0.000003,0.000004
18,0.000004,0.000002,0.000004
18,0.000004,0.000003,0.000004
18,0.000004,0.000003,0.000003
18,0.000004,0.000002,0.000004
18,0.000004,0.000003,0.000004
18,0.000004,0.000003,0.000004
18,0.000004,0.000002,0.000007
19,0.000005,0.000003,0.000005
19,0.000005,0.000003,0.000004
19,0.000005,0.000003,0.000004
19,0.000005,0.000003,0.000004
19,0.000005,0.000003,0.000004
19,0.000005,0.000003,0.000004
19,0.000005,0.000003,0.000004
19,0.000005,0.000004,0.000011
19,0.000005,0.000004,0.000005
19,0.000005,0.000003,0.000005
20,0.000007,0.000006,0.000005
20,0.000006,0.000003,0.000005
20,0.000006,0.000003,0.000005
20,0.000005,0.000003,0.000005
20,0.000006,0.000008,0.000009
20,0.000006,0.000004,0.000006
20,0.000006,0.000003,0.000004
20,0.000006,0.000004,0.000005
20,0.000006,0.000003,0.000005
20,0.000006,0.000003,0.000005
21,0.000007,0.000004,0.000005
21,0.000013,0.000004,0.000006
21,0.000007,0.000003,0.000006
21,0.000007,0.000003,0.000005
21,0.000007,0.000004,0.000005
21,0.000007,0.000004,0.000006
21,0.000007,0.000003,0.000005
21,0.000007,0.000004,0.000013
21,0.000007,0.000004,0.000006
21,0.000006,0.000017,0.000005
22,0.000008,0.000008,0.000007
22,0.000008,0.000005,0.000006
22,0.000008,0.000008,0.000011
22,0.000008,0.000004,0.000007
22,0.000008,0.000004,0.000006
22,0.000007,0.000004,0.000006
22,0.000008,0.000004,0.000006
22,0.000008,0.000004,0.000006
22,0.000011,0.000009,0.000006
22,0.000008,0.000004,0.000006
23,0.000010,0.000005,0.000008
23,0.000009,0.000005,0.000007
23,0.000009,0.000004,0.000007
23,0.000013,0.000008,0.000008
23,0.000009,0.000005,0.000007
23,0.000009,0.000004,0.000007
23,0.000009,0.000005,0.000007
23,0.000009,0.000005,0.000007
23,0.000013,0.000009,0.000007
23,0.000009,0.000005,0.000007
24,0.000011,0.000008,0.000008
24,0.000010,0.000005,0.000007
24,0.000011,0.000005,0.000008
24,0.000011,0.000006,0.000008
24,0.000010,0.000006,0.000008
24,0.000010,0.000005,0.000008
24,0.000010,0.000005,0.000007
24,0.000011,0.000005,0.000008
24,0.000011,0.000005,0.000008
24,0.000011,0.000006,0.000008
25,0.000012,0.000007,0.000009
25,0.000012,0.000010,0.000014
25,0.000012,0.000005,0.000009
25,0.000012,0.000005,0.000009
25,0.000011,0.000006,0.000022
25,0.000017,0.000009,0.000010
25,0.000012,0.000006,0.000009
25,0.000012,0.000006,0.000009
25,0.000012,0.000005,0.000009
25,0.000012,0.000013,0.000011
26,0.000013,0.000010,0.000010
26,0.000014,0.000007,0.000010
26,0.000013,0.000006,0.000015
26,0.000014,0.000007,0.000011
26,0.000013,0.000006,0.000009
26,0.000013,0.000006,0.000010
26,0.000014,0.000007,0.000018
26,0.000014,0.000007,0.000011
26,0.000013,0.000007,0.000010
26,0.000013,0.000006,0.000010
27,0.000022,0.000008,0.000012
27,0.000015,0.000007,0.000011
27,0.000015,0.000007,0.000011
27,0.000015,0.000012,0.000012
27,0.000014,0.000007,0.000010
27,0.000015,0.000007,0.000011
27,0.000014,0.000007,0.000011
27,0.000021,0.000007,0.000012
27,0.000014,0.000007,0.000010
27,0.000015,0.000007,0.000011
28,0.000035,0.000013,0.000013
28,0.000016,0.000008,0.000012
28,0.000017,0.000008,0.000016
28,0.000018,0.000007,0.000013
28,0.000017,0.000008,0.000013
28,0.000046,0.000008,0.000013
28,0.000016,0.000008,0.000012
28,0.000017,0.000008,0.000012
28,0.000023,0.000008,0.000013
28,0.000017,0.000008,0.000012
29,0.000018,0.000012,0.000021
29,0.000018,0.000008,0.000014
29,0.000018,0.000008,0.000013
29,0.000018,0.000009,0.000023
29,0.000018,0.000008,0.000027
29,0.000018,0.000009,0.000013
29,0.000025,0.000009,0.000015
29,0.000018,0.000009,0.000013
29,0.000018,0.000009,0.000013
29,0.000025,0.000009,0.000014
30,0.000021,0.000013,0.000015
30,0.000023,0.000014,0.000016
30,0.000020,0.000009,0.000014
30,0.000020,0.000009,0.000016
30,0.000024,0.000010,0.000015
30,0.000020,0.000009,0.000014
30,0.000020,0.000015,0.000017
30,0.000020,0.000009,0.000014
30,0.000020,0.000009,0.000014
30,0.000027,0.000009,0.000016
31,0.000022,0.000010,0.000016
31,0.000026,0.000013,0.000017
31,0.000022,0.000010,0.000016
31,0.000034,0.000019,0.000018
31,0.000022,0.000010,0.000016
31,0.000022,0.000010,0.000022
31,0.000022,0.000010,0.000017
31,0.000022,0.000010,0.000016
31,0.000028,0.000011,0.000017
31,0.000021,0.000010,0.000015
32,0.000025,0.000016,0.000017
32,0.000024,0.000011,0.000017
32,0.000024,0.000011,0.000018
32,0.000024,0.000011,0.000017
32,0.000024,0.000012,0.000027
32,0.000024,0.000011,0.000018
32,0.000025,0.000011,0.000026
32,0.000024,0.000011,0.000019
32,0.000024,0.000011,0.000017
32,0.000043,0.000011,0.000019
33,0.000026,0.000013,0.000028
33,0.000026,0.000012,0.000021
33,0.000026,0.000016,0.000025
33,0.000026,0.000012,0.000019
33,0.000026,0.000013,0.000027
33,0.000026,0.000012,0.000018
33,0.000026,0.000012,0.000028
33,0.000026,0.000012,0.000019
33,0.000026,0.000012,0.000028
33,0.000029,0.000012,0.000019
34,0.000035,0.000018,0.000022
34,0.000029,0.000013,0.000020
34,0.000036,0.000014,0.000023
34,0.000052,0.000020,0.000022
34,0.000029,0.000013,0.000021
34,0.000036,0.000013,0.000023
34,0.000029,0.000014,0.000021
34,0.000036,0.000014,0.000022
34,0.000028,0.000013,0.000020
34,0.000034,0.000013,0.000022
35,0.000036,0.000024,0.000030
35,0.000035,0.000016,0.000038
35,0.000035,0.000017,0.000029
35,0.000041,0.000017,0.000030
35,0.000035,0.000046,0.000039
35,0.000035,0.000016,0.000037
35,0.000035,0.000016,0.000031
35,0.000041,0.000017,0.000030
35,0.000034,0.000017,0.000037
35,0.000034,0.000017,0.000030
36,0.000041,0.000019,0.000026
36,0.000034,0.000025,0.000026
36,0.000034,0.000015,0.000024
36,0.000041,0.000016,0.000026
36,0.000034,0.000016,0.000073
36,0.000060,0.000016,0.000026
36,0.000046,0.000033,0.000029
36,0.000034,0.000028,0.000044
36,0.000034,0.000016,0.000040
36,0.000051,0.000015,0.000026
37,0.000055,0.000023,0.000029
37,0.000040,0.000021,0.000029
37,0.000037,0.000016,0.000035
37,0.000037,0.000017,0.000055
37,0.000044,0.000017,0.000028
37,0.000036,0.000025,0.000029
37,0.000037,0.000017,0.000031
37,0.000037,0.000017,0.000028
37,0.000041,0.000020,0.000028
37,0.000036,0.000016,0.000035
38,0.000040,0.000024,0.000037
38,0.000040,0.000018,0.000030
38,0.000047,0.000018,0.000031
38,0.000040,0.000044,0.000031
38,0.000040,0.000017,0.000028
38,0.000040,0.000018,0.000028
38,0.000040,0.000017,0.000028
38,0.000040,0.000018,0.000039
38,0.000040,0.000018,0.000031
38,0.000047,0.000018,0.000031
39,0.000050,0.000019,0.000033
39,0.000050,0.000019,0.000033
39,0.000043,0.000021,0.000039
39,0.000056,0.000019,0.000042
39,0.000043,0.000019,0.000034
39,0.000048,0.000019,0.000033
39,0.000050,0.000019,0.000033
39,0.000043,0.000028,0.000033
39,0.000043,0.000019,0.000041
39,0.000043,0.000019,0.000030
40,0.000050,0.000029,0.000049
40,0.000050,0.000037,0.000049
40,0.000050,0.000024,0.000049
40,0.000050,0.000023,0.000048
40,0.000050,0.000023,0.000048
40,0.000050,0.000024,0.000044
40,0.000050,0.000024,0.000043
40,0.000057,0.000024,0.000042
40,0.000056,0.000024,0.000042
40,0.000096,0.000024,0.000050
41,0.000050,0.000031,0.000038
41,0.000050,0.000022,0.000046
41,0.000050,0.000022,0.000047
41,0.000049,0.000022,0.000045
41,0.000049,0.000022,0.000043
41,0.000050,0.000022,0.000038
41,0.000049,0.000036,0.000035
41,0.000049,0.000022,0.000035
41,0.000057,0.000022,0.000038
41,0.000056,0.000022,0.000038
42,0.000058,0.000035,0.000055
42,0.000057,0.000027,0.000055
42,0.000057,0.000036,0.000048
42,0.000073,0.000032,0.000048
42,0.000065,0.000028,0.000048
42,0.000072,0.000028,0.000048
42,0.000069,0.000028,0.000048
42,0.000064,0.000027,0.000052
42,0.000057,0.000027,0.000054
42,0.000058,0.000028,0.000065
43,0.000058,0.000037,0.000044
43,0.000065,0.000026,0.000043
43,0.000065,0.000026,0.000044
43,0.000064,0.000026,0.000068
43,0.000065,0.000026,0.000044
43,0.000064,0.000026,0.000048
43,0.000081,0.000025,0.000052
43,0.000057,0.000025,0.000052
43,0.000057,0.000029,0.000049
43,0.000057,0.000034,0.000044
44,0.000073,0.000037,0.000056
44,0.000065,0.000031,0.000054
44,0.000066,0.000051,0.000056
44,0.000073,0.000032,0.000056
44,0.000072,0.000031,0.000063
44,0.000065,0.000031,0.000063
44,0.000066,0.000039,0.000056
44,0.000073,0.000031,0.000056
44,0.000085,0.000031,0.000063
44,0.000066,0.000036,0.000058
45,0.000073,0.000029,0.000050
45,0.000073,0.000029,0.000058
45,0.000065,0.000028,0.000057
45,0.000066,0.000038,0.000050
45,0.000074,0.000029,0.000050
45,0.000073,0.000029,0.000050
45,0.000071,0.000029,0.000058
45,0.000093,0.000030,0.000051
45,0.000072,0.000029,0.000050
45,0.000072,0.000029,0.000081
46,0.000077,0.000041,0.000049
46,0.000078,0.000031,0.000059
46,0.000070,0.000031,0.000048
46,0.000070,0.000031,0.000049
46,0.000078,0.000031,0.000053
46,0.000090,0.000031,0.000061
46,0.000070,0.000039,0.000054
46,0.000077,0.000031,0.000053
46,0.000133,0.000062,0.000052
46,0.000070,0.000031,0.000048
47,0.000090,0.000059,0.000058
47,0.000103,0.000043,0.000099
47,0.000115,0.000033,0.000094
47,0.000117,0.000036,0.000071
47,0.000092,0.000047,0.000073
47,0.000093,0.000033,0.000057
47,0.000088,0.000038,0.000060
47,0.000082,0.000032,0.000057
47,0.000081,0.000033,0.000064
47,0.000074,0.000041,0.000057
48,0.000087,0.000042,0.000069
48,0.000128,0.000039,0.000066
48,0.000087,0.000035,0.000060
48,0.000087,0.000035,0.000068
48,0.000102,0.000035,0.000060
48,0.000087,0.000035,0.000060
48,0.000080,0.000035,0.000091
48,0.000079,0.000043,0.000061
48,0.000087,0.000035,0.000060
48,0.000109,0.000045,0.000060
49,0.000090,0.000037,0.000072
49,0.000092,0.000037,0.000072
49,0.000085,0.000045,0.000064
49,0.000092,0.000050,0.000072
49,0.000085,0.000045,0.000064
49,0.000092,0.000037,0.000072
49,0.000084,0.000045,0.000064
49,0.000092,0.000037,0.000072
49,0.000105,0.000037,0.000064
49,0.000091,0.000037,0.000071
50,0.000098,0.000045,0.000076
50,0.000098,0.000039,0.000071
50,0.000092,0.000048,0.000081
50,0.000111,0.000039,0.000068
50,0.000098,0.000039,0.000100
50,0.000098,0.000039,0.000076
50,0.000096,0.000059,0.000081
50,0.000108,0.000057,0.000069
50,0.000109,0.000039,0.000087
50,0.000108,0.000040,0.000086
51,0.000105,0.000046,0.000092
51,0.000105,0.000042,0.000080
51,0.000098,0.000050,0.000072
51,0.000105,0.000050,0.000073
51,0.000115,0.000104,0.000072
51,0.000126,0.000060,0.000073
51,0.000115,0.000059,0.000073
51,0.000114,0.000042,0.000089
51,0.000098,0.000065,0.000065
51,0.000105,0.000042,0.000080
52,0.000110,0.000049,0.000084
52,0.000111,0.000044,0.000084
52,0.000134,0.000044,0.000085
52,0.000111,0.000044,0.000084
52,0.000103,0.000053,0.000076
52,0.000111,0.000053,0.000076
52,0.000124,0.000045,0.000077
52,0.000104,0.000044,0.000069
52,0.000103,0.000044,0.000068
52,0.000103,0.000043,0.000069
53,0.000120,0.000050,0.000073
53,0.000139,0.000055,0.000083
53,0.000111,0.000046,0.000073
53,0.000120,0.000047,0.000073
53,0.000135,0.000056,0.000081
53,0.000111,0.000046,0.000073
53,0.000148,0.000047,0.000081
53,0.000110,0.000046,0.000085
53,0.000111,0.000046,0.000073
53,0.000110,0.000047,0.000073
54,0.000118,0.000054,0.000077
54,0.000119,0.000049,0.000095
54,0.000118,0.000049,0.000077
54,0.000118,0.000048,0.000077
54,0.000118,0.000048,0.000077
54,0.000118,0.000060,0.000077
54,0.000119,0.000049,0.000078
54,0.000118,0.000049,0.000077
54,0.000119,0.000049,0.000077
54,0.000118,0.000058,0.000077
55,0.000126,0.000055,0.000081
55,0.000142,0.000052,0.000090
55,0.000125,0.000051,0.000109
55,0.000125,0.000051,0.000081
55,0.000125,0.000052,0.000081
55,0.000126,0.000052,0.000081
55,0.000125,0.000062,0.000082
55,0.000126,0.000052,0.000081
55,0.000125,0.000052,0.000081
55,0.000125,0.000052,0.000081
56,0.000135,0.000060,0.000086
56,0.000134,0.000055,0.000086
56,0.000133,0.000054,0.000085
56,0.000149,0.000055,0.000086
56,0.000133,0.000054,0.000085
56,0.000149,0.000054,0.000086
56,0.000134,0.000054,0.000110
56,0.000134,0.000054,0.000086
56,0.000133,0.000054,0.000086
56,0.000133,0.000055,0.000086
57,0.000151,0.000061,0.000091
57,0.000142,0.000058,0.000091
57,0.000141,0.000057,0.000090
57,0.000151,0.000057,0.000091
57,0.000141,0.000057,0.000091
57,0.000141,0.000057,0.000090
57,0.000142,0.000068,0.000091
57,0.000141,0.000057,0.000090
57,0.000156,0.000057,0.000091
57,0.000141,0.000057,0.000115
58,0.000150,0.000065,0.000095
58,0.000150,0.000060,0.000094
58,0.000149,0.000072,0.000095
58,0.000150,0.000060,0.000095
58,0.000165,0.000061,0.000105
58,0.000150,0.000077,0.000106
58,0.000156,0.000060,0.000105
58,0.000150,0.000060,0.000094
58,0.000149,0.000071,0.000095
58,0.000151,0.000090,0.000095
59,0.000179,0.000073,0.000124
59,0.000181,0.000064,0.000100
59,0.000179,0.000064,0.000110
59,0.000159,0.000063,0.000112
59,0.000160,0.000064,0.000099
59,0.000160,0.000064,0.000100
59,0.000159,0.000064,0.000112
59,0.000160,0.000064,0.000100
59,0.000159,0.000063,0.000099
59,0.000159,0.000064,0.000115
60,0.000168,0.000073,0.000104
60,0.000184,0.000067,0.000116
60,0.000187,0.000067,0.000116
60,0.000168,0.000067,0.000104
60,0.000167,0.000066,0.000104
60,0.000178,0.000066,0.000105
60,0.000168,0.000066,0.000104
60,0.000168,0.000066,0.000115
60,0.000168,0.000066,0.000104
60,0.000167,0.000066,0.000104
61,0.000178,0.000083,0.000110
61,0.000178,0.000070,0.000110
61,0.000178,0.000086,0.000110
61,0.000192,0.000070,0.000110
61,0.000178,0.000080,0.000122
61,0.000178,0.000070,0.000136
61,0.000178,0.000070,0.000110
61,0.000178,0.000070,0.000109
61,0.000188,0.000070,0.000110
61,0.000177,0.000070,0.000110
62,0.000188,0.000079,0.000129
62,0.000188,0.000073,0.000116
62,0.000187,0.000073,0.000114
62,0.000209,0.000074,0.000115
62,0.000188,0.000089,0.000115
62,0.000188,0.000074,0.000131
62,0.000187,0.000073,0.000115
62,0.000187,0.000087,0.000116
62,0.000214,0.000074,0.000116
62,0.000188,0.000074,0.000115
63,0.000198,0.000091,0.000121
63,0.000198,0.000077,0.000120
63,0.000197,0.000077,0.000121
63,0.000207,0.000077,0.000151
63,0.000219,0.000077,0.000120
63,0.000218,0.000077,0.000134
63,0.000197,0.000077,0.000121
63,0.000198,0.000087,0.000135
63,0.000198,0.000077,0.000120
63,0.000203,0.000077,0.000121
64,0.000208,0.000086,0.000128
64,0.000226,0.000081,0.000128
64,0.000218,0.000081,0.000128
64,0.000225,0.000080,0.000128
64,0.000218,0.000081,0.000128
64,0.000208,0.000080,0.000127
64,0.000207,0.000091,0.000128
64,0.000208,0.000080,0.000128
64,0.000207,0.000080,0.000140
64,0.000208,0.000080,0.000128
65,0.000221,0.000085,0.000149
65,0.000219,0.000085,0.000147
65,0.000219,0.000084,0.000132
65,0.000240,0.000085,0.000132
65,0.000220,0.000085,0.000132
65,0.000230,0.000084,0.000132
65,0.000220,0.000084,0.000132
65,0.000229,0.000085,0.000133
65,0.000219,0.000084,0.000131
65,0.000219,0.000101,0.000147
66,0.000231,0.000100,0.000138
66,0.000230,0.000118,0.000154
66,0.000239,0.000086,0.000135
66,0.000224,0.000097,0.000135
66,0.000225,0.000086,0.000135
66,0.000224,0.000096,0.000135
66,0.000225,0.000086,0.000135
66,0.000225,0.000087,0.000153
66,0.000225,0.000086,0.000156
66,0.000225,0.000086,0.000158
67,0.000236,0.000126,0.000201
67,0.000237,0.000101,0.000141
67,0.000236,0.000090,0.000141
67,0.000236,0.000100,0.000141
67,0.000236,0.000089,0.000141
67,0.000236,0.000099,0.000141
67,0.000236,0.000105,0.000141
67,0.000237,0.000109,0.000141
67,0.000236,0.000090,0.000141
67,0.000236,0.000100,0.000141
68,0.000248,0.000100,0.000147
68,0.000248,0.000103,0.000149
68,0.000251,0.000093,0.000147
68,0.000257,0.000094,0.000147
68,0.000264,0.000094,0.000147
68,0.000265,0.000094,0.000147
68,0.000248,0.000094,0.000163
68,0.000264,0.000097,0.000151
68,0.000254,0.000096,0.000151
68,0.000264,0.000097,0.000151
69,0.000267,0.000104,0.000173
69,0.000267,0.000101,0.000194
69,0.000267,0.000125,0.000175
69,0.000267,0.000101,0.000157
69,0.000286,0.000099,0.000154
69,0.000260,0.000098,0.000153
69,0.000269,0.000099,0.000154
69,0.000260,0.000099,0.000184
69,0.000267,0.000101,0.000158
69,0.000267,0.000101,0.000184
70,0.000303,0.000112,0.000165
70,0.000297,0.000105,0.000183
70,0.000301,0.000106,0.000180
70,0.000287,0.000103,0.000160
70,0.000272,0.000112,0.000176
70,0.000279,0.000105,0.000164
70,0.000303,0.000106,0.000165
70,0.000296,0.000106,0.000165
70,0.000289,0.000105,0.000164
70,0.000279,0.000105,0.000185
71,0.000301,0.000117,0.000176
71,0.000311,0.000114,0.000177
71,0.000302,0.000113,0.000217
71,0.000310,0.000127,0.000172
71,0.000302,0.000110,0.000193
71,0.000286,0.000107,0.000167
71,0.000309,0.000110,0.000171
71,0.000298,0.000110,0.000198
71,0.000294,0.000110,0.000172
71,0.000311,0.000110,0.000172
72,0.000307,0.000121,0.000206
72,0.000306,0.000115,0.000179
72,0.000316,0.000115,0.000179
72,0.000306,0.000115,0.000179
72,0.000316,0.000116,0.000179
72,0.000306,0.000131,0.000180
72,0.000307,0.000115,0.000179
72,0.000327,0.000115,0.000180
72,0.000306,0.000114,0.000206
72,0.000306,0.000135,0.000208
73,0.000332,0.000124,0.000185
73,0.000320,0.000143,0.000185
73,0.000338,0.000120,0.000185
73,0.000334,0.000120,0.000185
73,0.000321,0.000131,0.000185
73,0.000321,0.000120,0.000185
73,0.000330,0.000120,0.000185
73,0.000321,0.000129,0.000206
73,0.000335,0.000120,0.000185
73,0.000338,0.000120,0.000186
74,0.000335,0.000153,0.000194
74,0.000350,0.000125,0.000213
74,0.000335,0.000125,0.000194
74,0.000345,0.000125,0.000194
74,0.000349,0.000125,0.000234
74,0.000335,0.000124,0.000193
74,0.000344,0.000125,0.000193
74,0.000357,0.000137,0.000220
74,0.000338,0.000125,0.000194
74,0.000345,0.000125,0.000224
75,0.000382,0.000150,0.000243
75,0.000363,0.000153,0.000243
75,0.000363,0.000142,0.000256
75,0.000364,0.000142,0.000272
75,0.000378,0.000139,0.000237
75,0.000377,0.000139,0.000236
75,0.000354,0.000138,0.000254
75,0.000354,0.000138,0.000236
75,0.000408,0.000139,0.000238
75,0.000363,0.000138,0.000237
76,0.000423,0.000159,0.000266
76,0.000392,0.000179,0.000251
76,0.000381,0.000146,0.000277
76,0.000372,0.000142,0.000244
76,0.000382,0.000143,0.000244
76,0.000382,0.000143,0.000263
76,0.000372,0.000168,0.000257
76,0.000391,0.000150,0.000287
76,0.000382,0.000146,0.000263
76,0.000382,0.000146,0.000250
77,0.000410,0.000180,0.000260
77,0.000410,0.000154,0.000261
77,0.000409,0.000154,0.000261
77,0.000403,0.000164,0.000261
77,0.000433,0.000173,0.000285
77,0.000400,0.000153,0.000291
77,0.000400,0.000153,0.000273
77,0.000400,0.000153,0.000260
77,0.000410,0.000154,0.000261
77,0.000429,0.000154,0.000282
78,0.000429,0.000173,0.000288
78,0.000417,0.000155,0.000263
78,0.000407,0.000165,0.000262
78,0.000407,0.000154,0.000283
78,0.000425,0.000155,0.000278
78,0.000423,0.000162,0.000288
78,0.000429,0.000172,0.000269
78,0.000428,0.000173,0.000270
78,0.000435,0.000159,0.000269
78,0.000437,0.000157,0.000269
79,0.000444,0.000178,0.000294
79,0.000432,0.000159,0.000291
79,0.000432,0.000160,0.000284
79,0.000538,0.000160,0.000323
79,0.000456,0.000159,0.000283
79,0.000422,0.000170,0.000332
79,0.000423,0.000171,0.000271
79,0.000455,0.000188,0.000288
79,0.000457,0.000163,0.000301
79,0.000433,0.000163,0.000296
80,0.000451,0.000187,0.000311
80,0.000466,0.000182,0.000311
80,0.000439,0.000166,0.000310
80,0.000439,0.000166,0.000301
80,0.000440,0.000166,0.000296
80,0.000455,0.000166,0.000304
80,0.000444,0.000166,0.000284
80,0.000498,0.000174,0.000298
80,0.000474,0.000170,0.000290
80,0.000461,0.000171,0.000291
81,0.000476,0.000208,0.000342
81,0.000470,0.000181,0.000316
81,0.000470,0.000180,0.000323
81,0.000470,0.000180,0.000331
81,0.000487,0.000181,0.000315
81,0.000470,0.000180,0.000315
81,0.000469,0.000189,0.000317
81,0.000470,0.000180,0.000317
81,0.000490,0.000181,0.000323
81,0.000470,0.000180,0.000318
82,0.000494,0.000211,0.000310
82,0.000476,0.000196,0.000303
82,0.000494,0.000204,0.000315
82,0.000475,0.000198,0.000315
82,0.000485,0.000186,0.000303
82,0.000508,0.000211,0.000317
82,0.000612,0.000283,0.000334
82,0.000663,0.000205,0.000378
82,0.000550,0.000225,0.000318
82,0.000525,0.000211,0.000310
83,0.000553,0.000209,0.000340
83,0.000516,0.000197,0.000339
83,0.000529,0.000220,0.000329
83,0.000539,0.000204,0.000361
83,0.000506,0.000197,0.000338
83,0.000510,0.000216,0.000404
83,0.000584,0.000217,0.000327
83,0.000538,0.000197,0.000321
83,0.000537,0.000202,0.000324
83,0.000531,0.000202,0.000328
84,0.000541,0.000212,0.000363
84,0.000526,0.000207,0.000398
84,0.000540,0.000225,0.000356
84,0.000550,0.000213,0.000383
84,0.000624,0.000233,0.000348
84,0.000567,0.000212,0.000337
84,0.000577,0.000235,0.000391
84,0.000540,0.000222,0.000339
84,0.000540,0.000241,0.000348
84,0.000577,0.000213,0.000368
85,0.000602,0.000225,0.000365
85,0.000561,0.000209,0.000374
85,0.000577,0.000252,0.000376
85,0.000605,0.000214,0.000398
85,0.000593,0.000223,0.000364
85,0.000560,0.000208,0.000395
85,0.000562,0.000233,0.000352
85,0.000589,0.000208,0.000352
85,0.000571,0.000242,0.000361
85,0.000596,0.000209,0.000365
86,0.000649,0.000269,0.000398
86,0.000591,0.000214,0.000361
86,0.000616,0.000258,0.000443
86,0.000620,0.000225,0.000378
86,0.000622,0.000221,0.000390
86,0.000596,0.000215,0.000404
86,0.000604,0.000224,0.000399
86,0.000595,0.000233,0.000369
86,0.000604,0.000261,0.000430
86,0.000652,0.000242,0.000410
87,0.000619,0.000267,0.000445
87,0.000663,0.000230,0.000387
87,0.000642,0.000240,0.000435
87,0.000653,0.000235,0.000378
87,0.000647,0.000235,0.000412
87,0.000644,0.000229,0.000414
87,0.000601,0.000247,0.000377
87,0.000638,0.000236,0.000398
87,0.000645,0.000245,0.000412
87,0.000619,0.000241,0.000387
88,0.000660,0.000255,0.000398
88,0.000674,0.000241,0.000458
88,0.000594,0.000268,0.000406
88,0.000624,0.000234,0.000452
88,0.000701,0.000259,0.000430
88,0.000661,0.000240,0.000397
88,0.000652,0.000241,0.000412
88,0.000628,0.000269,0.000425
88,0.000657,0.000265,0.000478
88,0.000684,0.000243,0.000447
89,0.000673,0.000355,0.000502
89,0.000710,0.000274,0.000470
89,0.000697,0.000277,0.000457
89,0.000776,0.000305,0.000629
89,0.000754,0.000285,0.000458
89,0.000709,0.000380,0.000596
89,0.000671,0.000256,0.000444
89,0.000660,0.000269,0.000462
89,0.000674,0.000266,0.000417
89,0.000637,0.000248,0.000391
90,0.000665,0.000260,0.000436
90,0.000767,0.000271,0.000439
90,0.000699,0.000291,0.000476
90,0.000646,0.000258,0.000400
90,0.000676,0.000250,0.000421
90,0.000666,0.000252,0.000467
90,0.000754,0.000250,0.000438
90,0.000669,0.000251,0.000430
90,0.000647,0.000282,0.000401
90,0.000657,0.000250,0.000442
91,0.000662,0.000273,0.000357
91,0.000677,0.000255,0.000358
91,0.000679,0.000255,0.000394
91,0.000653,0.000263,0.000357
91,0.000662,0.000255,0.000356
91,0.000664,0.000256,0.000408
91,0.000653,0.000264,0.000376
91,0.000671,0.000258,0.000360
91,0.000700,0.000291,0.000423
91,0.000668,0.000256,0.000399
92,0.000703,0.000261,0.000419
92,0.000691,0.000252,0.000431
92,0.000691,0.000253,0.000391
92,0.000681,0.000272,0.000367
92,0.000691,0.000252,0.000427
92,0.000707,0.000253,0.000421
92,0.000721,0.000280,0.000465
92,0.000707,0.000251,0.000419
92,0.000690,0.000251,0.000410
92,0.000692,0.000253,0.000435
93,0.000746,0.000269,0.000425
93,0.000715,0.000263,0.000432
93,0.000713,0.000266,0.000442
93,0.000782,0.000290,0.000438
93,0.000715,0.000263,0.000379
93,0.000714,0.000265,0.000411
93,0.000706,0.000276,0.000378
93,0.000715,0.000262,0.000378
93,0.000730,0.000280,0.000378
93,0.000717,0.000263,0.000378
94,0.000757,0.000285,0.000426
94,0.000757,0.000273,0.000393
94,0.000743,0.000285,0.000392
94,0.000757,0.000272,0.000427
94,0.000751,0.000286,0.000393
94,0.000767,0.000288,0.000474
94,0.000748,0.000280,0.000434
94,0.000821,0.000282,0.000438
94,0.000760,0.000271,0.000392
94,0.000761,0.000273,0.000426
95,0.000844,0.000303,0.000469
95,0.000794,0.000345,0.000501
95,0.000792,0.000300,0.000468
95,0.000824,0.000322,0.000485
95,0.000781,0.000321,0.000447
95,0.000787,0.000300,0.000468
95,0.000788,0.000300,0.000477
95,0.000787,0.000312,0.000449
95,0.000831,0.000340,0.000497
95,0.000823,0.000326,0.000506
96,0.000831,0.000315,0.000464
96,0.000831,0.000330,0.000479
96,0.000814,0.000313,0.000485
96,0.000814,0.000312,0.000479
96,0.000821,0.000326,0.000476
96,0.000815,0.000351,0.000522
96,0.000849,0.000313,0.000485
96,0.000814,0.000316,0.000476
96,0.000814,0.000338,0.000498
96,0.000815,0.000329,0.000493
97,0.000859,0.000322,0.000511
97,0.000863,0.000320,0.000491
97,0.000844,0.000333,0.000488
97,0.000871,0.000321,0.000494
97,0.000858,0.000320,0.000497
97,0.000843,0.000324,0.000502
97,0.000845,0.000334,0.000475
97,0.000877,0.000348,0.000503
97,0.000853,0.000321,0.000497
97,0.000835,0.000333,0.000488
98,0.000895,0.000352,0.000502
98,0.000884,0.000328,0.000504
98,0.000915,0.000368,0.000525
98,0.000930,0.000317,0.000511
98,0.000869,0.000333,0.000512
98,0.000881,0.000321,0.000489
98,0.000869,0.000330,0.000504
98,0.000877,0.000318,0.000518
98,0.000868,0.000357,0.000529
98,0.000942,0.000333,0.000504
99,0.000894,0.000327,0.000520
99,0.000894,0.000330,0.000541
99,0.000886,0.000339,0.000517
99,0.000895,0.000338,0.000535
99,0.000915,0.000335,0.000541
99,0.000932,0.000327,0.000526
99,0.000948,0.000343,0.000517
99,0.000894,0.000329,0.000503
99,0.000909,0.000335,0.000504
99,0.000894,0.000340,0.000504
100,0.000939,0.000367,0.000533
100,0.000924,0.000339,0.000542
100,0.000934,0.000354,0.000554
100,0.000924,0.000339,0.000542
100,0.000922,0.000357,0.000550
100,0.000925,0.000341,0.000542
100,0.000922,0.000340,0.000548
100,0.000934,0.000350,0.000533
100,0.000924,0.000350,0.000519
100,0.000947,0.000348,0.000532
101,0.000968,0.000371,0.000534
101,0.000977,0.000361,0.000548
101,0.000962,0.000351,0.000556
101,0.000988,0.000352,0.000556
101,0.000963,0.000352,0.000557
101,0.000963,0.000376,0.000563
101,0.000955,0.000343,0.000543
101,0.000937,0.000360,0.000544
101,0.000959,0.000346,0.000543
101,0.000938,0.000347,0.000559
102,0.000970,0.000379,0.000560
102,0.000962,0.000374,0.000607
102,0.000962,0.000359,0.000548
102,0.001008,0.000374,0.000564
102,0.000961,0.000375,0.000559
102,0.000963,0.000374,0.000555
102,0.000964,0.000361,0.000546
102,0.000962,0.000359,0.000576
102,0.000962,0.000359,0.000535
102,0.000983,0.000356,0.000565
103,0.000992,0.000375,0.000561
103,0.000986,0.000367,0.000579
103,0.001001,0.000368,0.000561
103,0.000986,0.000371,0.000588
103,0.001001,0.000368,0.000561
103,0.001001,0.000369,0.000575
103,0.001004,0.000368,0.000562
103,0.000984,0.000370,0.000568
103,0.001032,0.000370,0.000564
103,0.000985,0.000370,0.000563
104,0.001048,0.000381,0.000586
104,0.001024,0.000394,0.000601
104,0.001031,0.000389,0.000581
104,0.001023,0.000394,0.000566
104,0.001030,0.000391,0.000566
104,0.001023,0.000391,0.000589
104,0.001032,0.000389,0.000567
104,0.001025,0.000391,0.000591
104,0.001047,0.000384,0.000575
104,0.001023,0.000383,0.000587
105,0.001060,0.000397,0.000601
105,0.001051,0.000392,0.000603
105,0.001050,0.000402,0.000582
105,0.001049,0.000416,0.000612
105,0.001063,0.000402,0.000599
105,0.001056,0.000395,0.000623
105,0.001050,0.000396,0.000596
105,0.001049,0.000413,0.000598
105,0.001049,0.000392,0.000601
105,0.001064,0.000395,0.000612
106,0.001098,0.000458,0.000607
106,0.001112,0.000403,0.000622
106,0.001087,0.000405,0.000624
106,0.001109,0.000402,0.000621
106,0.001087,0.000414,0.000623
106,0.001300,0.000407,0.000628
106,0.001102,0.000418,0.000640
106,0.001090,0.000412,0.000599
106,0.001101,0.000421,0.000624
106,0.001091,0.000408,0.000646
107,0.001124,0.000422,0.000637
107,0.001146,0.000425,0.000635
107,0.001114,0.000431,0.000640
107,0.001135,0.000417,0.000685
107,0.001117,0.000415,0.000657
107,0.001115,0.000441,0.000617
107,0.001132,0.000419,0.000659
107,0.001115,0.000422,0.000676
107,0.001130,0.000432,0.000632
107,0.001114,0.000428,0.000616
108,0.001186,0.000430,0.000657
108,0.001259,0.000436,0.000700
108,0.001202,0.000432,0.000649
108,0.001169,0.000445,0.000650
108,0.001157,0.000439,0.000641
108,0.001180,0.000429,0.000658
108,0.001156,0.000437,0.000647
108,0.001171,0.000437,0.000670
108,0.001194,0.000430,0.000667
108,0.001157,0.000439,0.000631
109,0.001210,0.000461,0.000743
109,0.001189,0.000451,0.000649
109,0.001210,0.000441,0.000668
109,0.001188,0.000446,0.000674
109,0.001189,0.000449,0.000709
109,0.001188,0.000455,0.000681
109,0.001189,0.000450,0.000649
109,0.001210,0.000441,0.000677
109,0.001213,0.000447,0.000682
109,0.001205,0.000442,0.000674
110,0.001253,0.000469,0.000682
110,0.001245,0.000455,0.000694
110,0.001250,0.000471,0.000681
110,0.001237,0.000451,0.000684
110,0.001245,0.000464,0.000667
110,0.001249,0.000469,0.000682
110,0.001227,0.000460,0.000666
110,0.001333,0.000453,0.000684
110,0.001228,0.000474,0.000691
110,0.001238,0.000454,0.000681
111,0.001278,0.000472,0.000701
111,0.001258,0.000467,0.000842
111,0.001257,0.000472,0.000697
111,0.001258,0.000488,0.000717
111,0.001263,0.000465,0.000699
111,0.001280,0.000471,0.000748
111,0.001265,0.000478,0.000718
111,0.001261,0.000473,0.000701
111,0.001292,0.000462,0.000713
111,0.001304,0.000473,0.000738
112,0.001309,0.000487,0.000705
112,0.001322,0.000494,0.000731
112,0.001305,0.000483,0.000746
112,0.001320,0.000483,0.000721
112,0.001320,0.000492,0.000730
112,0.001314,0.000486,0.000729
112,0.001319,0.000474,0.000730
112,0.001304,0.000488,0.000746
112,0.001302,0.000492,0.000720
112,0.001325,0.000477,0.000731
113,0.001352,0.000488,0.000756
113,0.001333,0.000496,0.000729
113,0.001355,0.000485,0.000745
113,0.001341,0.000501,0.000744
113,0.001333,0.000495,0.000784
113,0.001344,0.000484,0.000746
113,0.001340,0.000487,0.000756
113,0.001349,0.000496,0.000729
113,0.001348,0.000518,0.000740
113,0.001359,0.000489,0.000747
114,0.001390,0.000502,0.000768
114,0.001420,0.000612,0.000905
114,0.001539,0.000691,0.000778
114,0.001399,0.000494,0.000768
114,0.001381,0.000503,0.000804
114,0.001405,0.000564,0.000926
114,0.001708,0.000536,0.000854
114,0.001463,0.000505,0.000810
114,0.001376,0.000501,0.000744
114,0.001688,0.000545,0.000804
115,0.001539,0.000553,0.000822
115,0.001498,0.000642,0.000814
115,0.001539,0.000612,0.000903
115,0.001484,0.000585,0.000879
115,0.001486,0.000510,0.000963
115,0.001478,0.000538,0.000965
115,0.001528,0.000521,0.000892
115,0.001541,0.000547,0.000834
115,0.001435,0.000563,0.000920
115,0.001499,0.000511,0.000862
116,0.001504,0.000552,0.000842
116,0.001480,0.000584,0.000859
116,0.001539,0.000564,0.000915
116,0.001480,0.000550,0.000832
116,0.001529,0.000626,0.000843
116,0.001535,0.000629,0.000992
116,0.001499,0.000610,0.000902
116,0.001506,0.000555,0.000982
116,0.001511,0.000594,0.000942
116,0.001634,0.000538,0.000891
117,0.001581,0.000561,0.000936
117,0.001505,0.000563,0.000846
117,0.001581,0.000566,0.000867
117,0.001576,0.000561,0.000825
117,0.001566,0.000638,0.001008
117,0.001528,0.000631,0.000900
117,0.001513,0.000670,0.000841
117,0.001553,0.000564,0.000858
117,0.001548,0.000686,0.000880
117,0.001513,0.000558,0.000874
118,0.001590,0.000577,0.000870
118,0.001600,0.000576,0.000866
118,0.001606,0.000587,0.000862
118,0.001632,0.000602,0.000879
118,0.001622,0.000583,0.000901
118,0.001634,0.000602,0.000852
118,0.001633,0.000588,0.000872
118,0.001644,0.000585,0.000862
118,0.001632,0.000591,0.000877
118,0.001649,0.000566,0.000874
119,0.001668,0.000598,0.000895
119,0.001693,0.000615,0.000915
119,0.001698,0.000579,0.000885
119,0.001701,0.000607,0.000912
119,0.001684,0.000595,0.000927
119,0.001686,0.000600,0.000918
119,0.001741,0.000591,0.000899
119,0.001753,0.000623,0.000901
119,0.001656,0.000599,0.000887
119,0.001618,0.000593,0.000893
120,0.001663,0.000614,0.000915
120,0.001678,0.000601,0.000909
120,0.001688,0.000606,0.000913
120,0.001673,0.000619,0.000901
120,0.001667,0.000602,0.000916
120,0.001689,0.000607,0.000902
120,0.001690,0.000610,0.000929
120,0.001700,0.000594,0.000912
120,0.001680,0.000621,0.000903
120,0.001668,0.000605,0.000932
121,0.001756,0.000637,0.000954
121,0.001698,0.000644,0.000931
121,0.001719,0.000634,0.000932
121,0.001713,0.000638,0.000912
121,0.001709,0.000652,0.000920
121,0.001691,0.000650,0.000938
121,0.001691,0.000646,0.000969
121,0.001690,0.000632,0.000930
121,0.001706,0.000642,0.000929
121,0.001710,0.000642,0.000918
122,0.001758,0.000674,0.000977
122,0.001764,0.000649,0.000971
122,0.001757,0.000648,0.000973
122,0.001758,0.000623,0.000964
122,0.001758,0.000635,0.000994
122,0.001756,0.000636,0.000951
122,0.001769,0.000630,0.000932
122,0.001754,0.000643,0.000952
122,0.001748,0.000640,0.000959
122,0.001752,0.000633,0.000993
123,0.001792,0.000662,0.001035
123,0.001805,0.000644,0.000986
123,0.001823,0.000691,0.001003
123,0.001845,0.000672,0.000974
123,0.001805,0.000647,0.000981
123,0.001805,0.000669,0.000959
123,0.001864,0.000662,0.000984
123,0.001791,0.000654,0.001002
123,0.001791,0.000644,0.001006
123,0.001905,0.000635,0.001015
124,0.001932,0.000711,0.001010
124,0.001966,0.000686,0.001052
124,0.001911,0.000661,0.001013
124,0.001977,0.000695,0.001025
124,0.001989,0.000714,0.001067
124,0.002013,0.000689,0.001026
124,0.001974,0.000683,0.001025
124,0.002011,0.000681,0.001031
124,0.001949,0.000692,0.001051
124,0.001959,0.000685,0.001044
125,0.001999,0.000723,0.001091
125,0.002062,0.000708,0.001061
125,0.002022,0.000773,0.001056
125,0.002008,0.000696,0.001065
125,0.002073,0.000726,0.001066
125,0.002104,0.000702,0.001094
125,0.002073,0.000754,0.001071
125,0.002018,0.000701,0.001129
125,0.002038,0.000718,0.001066
125,0.002037,0.000693,0.001151
126,0.002129,0.000713,0.001112
126,0.002072,0.000699,0.001143
126,0.002107,0.000789,0.001201
126,0.002086,0.000707,0.001119
126,0.002116,0.000706,0.001152
126,0.002083,0.000706,0.001121
126,0.002232,0.000743,0.001146
126,0.002082,0.000715,0.001145
126,0.001963,0.000719,0.001048
126,0.001967,0.000689,0.001065
127,0.002003,0.000702,0.001087
127,0.002005,0.000700,0.001077
127,0.001981,0.000719,0.001084
127,0.001993,0.000726,0.001104
127,0.001984,0.000734,0.001093
127,0.001996,0.000730,0.001096
127,0.001980,0.000731,0.001069
127,0.001979,0.000712,0.001096
127,0.001980,0.000722,0.001102
127,0.001981,0.000711,0.001105
128,0.002037,0.000740,0.001138
128,0.002032,0.000745,0.001143
128,0.002031,0.000745,0.001150
128,0.002031,0.000743,0.001164
128,0.002057,0.000734,0.001157
128,0.002031,0.000737,0.001132
128,0.002056,0.000758,0.001143
128,0.002040,0.000739,0.001153
128,0.002037,0.000722,0.001152
128,0.002031,0.000738,0.001151
129,0.002072,0.000738,0.001088
129,0.002080,0.000757,0.001092
129,0.002119,0.000746,0.001101
129,0.002044,0.000800,0.001096
129,0.002099,0.000736,0.001088
129,0.002036,0.000736,0.001115
129,0.002036,0.000739,0.001130
129,0.002087,0.000735,0.001096
129,0.002051,0.000721,0.001093
129,0.002165,0.000723,0.001145
130,0.002075,0.000762,0.001138
130,0.002112,0.000760,0.001106
130,0.002153,0.000768,0.001111
130,0.002109,0.000771,0.001107
130,0.002115,0.000795,0.001120
130,0.002095,0.000760,0.001130
130,0.002095,0.000770,0.001181
130,0.002156,0.000753,0.001112
130,0.002120,0.000760,0.001102
130,0.002109,0.000760,0.001105
131,0.002178,0.000758,0.001145
131,0.002180,0.000768,0.001146
131,0.002168,0.000768,0.001152
131,0.002173,0.000768,0.001138
131,0.002180,0.000759,0.001157
131,0.002165,0.000774,0.001138
131,0.002168,0.000769,0.001190
131,0.002164,0.000764,0.001150
131,0.002163,0.000766,0.001136
131,0.002174,0.000754,0.001145
132,0.002198,0.000774,0.001223
132,0.002267,0.000807,0.001194
132,0.002254,0.000777,0.001149
132,0.002288,0.000777,0.001364
132,0.002263,0.000799,0.001174
132,0.002209,0.000795,0.001167
132,0.002252,0.000789,0.001302
132,0.002356,0.000786,0.001186
132,0.002293,0.000845,0.001230
132,0.002315,0.000839,0.001207
133,0.002512,0.000877,0.001341
133,0.002437,0.000837,0.001335
133,0.002415,0.000815,0.001319
133,0.002446,0.000861,0.001282
133,0.002487,0.000833,0.001303
133,0.002482,0.000829,0.001287
133,0.002519,0.000836,0.001278
133,0.002526,0.000839,0.001277
133,0.002506,0.000868,0.001343
133,0.002492,0.000849,0.001255
134,0.002556,0.000911,0.001325
134,0.002581,0.000880,0.001318
134,0.002615,0.000861,0.001360
134,0.002607,0.000888,0.001335
134,0.002520,0.000879,0.001316
134,0.002537,0.000867,0.001320
134,0.002608,0.000855,0.001300
134,0.002593,0.000866,0.001366
134,0.002553,0.000872,0.001295
134,0.002600,0.000923,0.001307
135,0.002688,0.000884,0.001376
135,0.002626,0.000909,0.001384
135,0.002593,0.000902,0.001326
135,0.002578,0.000928,0.001394
135,0.002697,0.000895,0.001356
135,0.002610,0.000919,0.001371
135,0.002625,0.000892,0.001340
135,0.002639,0.000888,0.001334
135,0.002659,0.000879,0.001333
135,0.002666,0.000912,0.001429
136,0.002671,0.000898,0.001374
136,0.002693,0.000875,0.001331
136,0.002563,0.000868,0.001335
136,0.002542,0.000881,0.001325
136,0.002512,0.000878,0.001337
136,0.002492,0.000892,0.001305
136,0.002523,0.000891,0.001323
136,0.002520,0.000877,0.001302
136,0.002522,0.000877,0.001303
136,0.002507,0.000876,0.001324
137,0.002552,0.000918,0.001327
137,0.002575,0.000900,0.001331
137,0.002580,0.000895,0.001328
137,0.002587,0.000894,0.001356
137,0.002552,0.000894,0.001341
137,0.002552,0.000910,0.001324
137,0.002575,0.000894,0.001343
137,0.002568,0.000894,0.001327
137,0.002538,0.000871,0.001312
137,0.002491,0.000887,0.001318
138,0.002566,0.000913,0.001406
138,0.002620,0.000888,0.001305
138,0.002613,0.000889,0.001337
138,0.002545,0.000889,0.001331
138,0.002581,0.000911,0.001321
138,0.002572,0.000881,0.001381
138,0.002609,0.000879,0.001331
138,0.002579,0.000880,0.001356
138,0.002581,0.000894,0.001347
138,0.002551,0.000896,0.001352
139,0.002630,0.000907,0.001414
139,0.002636,0.000906,0.001407
139,0.002644,0.000907,0.001375
139,0.002614,0.000914,0.001341
139,0.002657,0.000984,0.001360
139,0.002614,0.000908,0.001417
139,0.002760,0.000909,0.001381
139,0.002637,0.000917,0.001356
139,0.002628,0.000906,0.001354
139,0.002626,0.000907,0.001365
140,0.002628,0.000927,0.001399
140,0.002713,0.000926,0.001400
140,0.002817,0.000955,0.001407
140,0.002685,0.000932,0.001471
140,0.002727,0.000926,0.001420
140,0.002866,0.000945,0.001508
140,0.002795,0.000946,0.001445
140,0.002751,0.000924,0.001587
140,0.002738,0.000986,0.001458
140,0.002763,0.001012,0.001454
141,0.002851,0.000946,0.001437
141,0.002807,0.000948,0.001456
141,0.002748,0.000964,0.001411
141,0.002786,0.000944,0.001407
141,0.002729,0.000955,0.001442
141,0.002758,0.000962,0.001409
141,0.002725,0.000952,0.001471
141,0.002782,0.000945,0.001441
141,0.002708,0.000959,0.001426
141,0.002779,0.000949,0.001410
142,0.002768,0.000965,0.001450
142,0.002855,0.000965,0.001453
142,0.002792,0.000964,0.001486
142,0.002790,0.000964,0.001433
142,0.002863,0.000978,0.001486
142,0.002801,0.000965,0.001493
142,0.002873,0.001172,0.001513
142,0.002936,0.000965,0.001522
142,0.002994,0.001030,0.001600
142,0.002996,0.000989,0.001572
143,0.003157,0.001031,0.001600
143,0.003122,0.001010,0.001639
143,0.003109,0.001046,0.001588
143,0.003073,0.001010,0.001732
143,0.003059,0.001025,0.001605
143,0.003193,0.001253,0.001648
143,0.002984,0.001078,0.001461
143,0.003102,0.001067,0.001626
143,0.003288,0.001105,0.001818
143,0.003245,0.001061,0.001690
144,0.003080,0.001058,0.001734
144,0.003344,0.001144,0.001782
144,0.003289,0.001210,0.001675
144,0.003419,0.001166,0.001731
144,0.003341,0.001140,0.001699
144,0.003391,0.001141,0.001726
144,0.003318,0.001248,0.001830
144,0.003368,0.001177,0.001714
144,0.003269,0.001113,0.001743
144,0.003481,0.001195,0.001676
145,0.003066,0.001069,0.001698
145,0.003243,0.001146,0.001697
145,0.003176,0.001077,0.001621
145,0.003194,0.001090,0.001754
145,0.003493,0.001321,0.002025
145,0.003185,0.001076,0.001640
145,0.003051,0.001079,0.001577
145,0.003063,0.001059,0.001610
145,0.003042,0.001077,0.001635
145,0.003062,0.001075,0.001580
146,0.003121,0.001101,0.001625
146,0.003139,0.001071,0.001634
146,0.003126,0.001093,0.001609
146,0.003133,0.001078,0.001610
146,0.003130,0.001098,0.001610
146,0.003122,0.001080,0.001616
146,0.003135,0.001100,0.001629
146,0.003129,0.001080,0.001620
146,0.003159,0.001075,0.001629
146,0.003122,0.001088,0.001611
147,0.003187,0.001188,0.001695
147,0.003244,0.001145,0.001661
147,0.003199,0.001134,0.001651
147,0.003194,0.001116,0.001644
147,0.003202,0.001119,0.001657
147,0.003204,0.001131,0.001650
147,0.003211,0.001115,0.001645
147,0.003212,0.001097,0.001658
147,0.003193,0.001106,0.001653
147,0.003184,0.001099,0.001654
148,0.003253,0.001161,0.001694
148,0.003407,0.001125,0.001713
148,0.003250,0.001253,0.001732
148,0.003322,0.001120,0.001745
148,0.003335,0.001261,0.001693
148,0.003255,0.001156,0.001765
148,0.003342,0.001115,0.001673
148,0.003383,0.001174,0.001803
148,0.003274,0.001138,0.001834
148,0.003369,0.001157,0.001674
149,0.003436,0.001179,0.001796
149,0.003322,0.001179,0.001758
149,0.003467,0.001157,0.001718
149,0.003338,0.001150,0.001756
149,0.003354,0.001178,0.001696
149,0.003356,0.001181,0.001730
149,0.003319,0.001185,0.001716
149,0.003389,0.001160,0.001725
149,0.003389,0.001145,0.001729
149,0.003320,0.001211,0.001710
150,0.003388,0.001179,0.001768
150,0.003392,0.001194,0.001814
150,0.003433,0.001237,0.001781
150,0.003498,0.001193,0.001800
150,0.003472,0.001238,0.001806
150,0.003377,0.001175,0.001815
150,0.003478,0.001201,0.001747
150,0.003394,0.001170,0.001766
150,0.003423,0.001171,0.001752
150,0.003393,0.001167,0.001772
151,0.003433,0.001191,0.001807
151,0.003452,0.001209,0.001786
151,0.003483,0.001189,0.001796
151,0.003478,0.001189,0.001782
151,0.003453,0.001214,0.001776
151,0.003470,0.001207,0.001807
151,0.003494,0.001190,0.001786
151,0.003459,0.001230,0.001773
151,0.003500,0.001202,0.001816
151,0.003448,0.001207,0.001783
152,0.003513,0.001234,0.001833
152,0.003523,0.001212,0.001846
152,0.003515,0.001228,0.001819
152,0.003529,0.001214,0.001842
152,0.003558,0.001220,0.001838
152,0.003516,0.001227,0.001817
152,0.003528,0.001231,0.001850
152,0.003525,0.001241,0.001848
152,0.003508,0.001237,0.001815
152,0.003533,0.001234,0.001833
153,0.003658,0.001235,0.001826
153,0.003506,0.001219,0.001808
153,0.003505,0.001227,0.001815
153,0.003573,0.001219,0.001849
153,0.003497,0.001228,0.001804
153,0.003523,0.001253,0.001801
153,0.003519,0.001211,0.001842
153,0.003503,0.001227,0.001852
153,0.003512,0.001214,0.001827
153,0.003513,0.001221,0.001826
154,0.003564,0.001227,0.001898
154,0.003579,0.001247,0.001843
154,0.003621,0.001240,0.001888
154,0.003579,0.001234,0.001990
154,0.003670,0.001339,0.002187
154,0.004391,0.001543,0.001846
154,0.003884,0.001384,0.001978
154,0.003931,0.001375,0.002290
154,0.004152,0.001240,0.002039
154,0.003951,0.001518,0.002175
155,0.003812,0.001288,0.001954
155,0.003936,0.001388,0.002152
155,0.004052,0.001372,0.002028
155,0.003946,0.001338,0.002166
155,0.003965,0.001422,0.002060
155,0.004105,0.001333,0.002309
155,0.004041,0.001363,0.002071
155,0.004004,0.001339,0.002129
155,0.003913,0.001290,0.001963
155,0.003764,0.001282,0.001956
156,0.003817,0.001322,0.001975
156,0.003797,0.001327,0.001986
156,0.003825,0.001312,0.001981
156,0.003825,0.001342,0.001990
156,0.003817,0.001311,0.002061
156,0.003788,0.001346,0.001983
156,0.003805,0.001332,0.001993
156,0.003810,0.001326,0.001978
156,0.003813,0.001310,0.002018
156,0.003810,0.001311,0.001983
157,0.003853,0.001372,0.002011
157,0.003892,0.001353,0.002013
157,0.003874,0.001365,0.002019
157,0.003896,0.001359,0.002025
157,0.003885,0.001345,0.002024
157,0.003878,0.001341,0.002025
157,0.003882,0.001346,0.002017
157,0.003902,0.001355,0.002015
157,0.003885,0.001368,0.001991
157,0.003912,0.001341,0.002022
158,0.003966,0.001382,0.002047
158,0.003983,0.001379,0.002070
158,0.003957,0.001368,0.002066
158,0.003964,0.001367,0.002060
158,0.003974,0.001386,0.002061
158,0.003963,0.001408,0.002041
158,0.003963,0.001339,0.002014
158,0.003907,0.001358,0.002028
158,0.004067,0.001367,0.002119
158,0.003965,0.001377,0.002009
159,0.004033,0.001446,0.002043
159,0.003998,0.001387,0.002053
159,0.004002,0.001423,0.002061
159,0.003996,0.001358,0.002052
159,0.003955,0.001370,0.002138
159,0.003946,0.001359,0.002049
159,0.003937,0.001380,0.002036
159,0.004129,0.001459,0.002083
159,0.003993,0.001379,0.002348
159,0.004167,0.001370,0.002081
160,0.004068,0.001599,0.002110
160,0.004411,0.001532,0.002191
160,0.004797,0.003336,0.005613
160,0.005766,0.001515,0.002321
160,0.004183,0.001585,0.002242
160,0.004228,0.001558,0.002202
160,0.004166,0.001648,0.002211
160,0.004195,0.001484,0.002099
160,0.004143,0.001432,0.002388
160,0.004104,0.001514,0.002152
161,0.004262,0.001462,0.002226
161,0.004246,0.001452,0.002200
161,0.004268,0.001482,0.002240
161,0.004302,0.001449,0.002429
161,0.004381,0.001458,0.002351
161,0.004464,0.001430,0.002291
161,0.004407,0.001436,0.002310
161,0.004353,0.001464,0.002256
161,0.004329,0.001430,0.002236
161,0.004362,0.001434,0.002257
162,0.004404,0.001456,0.002341
162,0.004564,0.001509,0.002386
162,0.004488,0.001485,0.002378
162,0.004446,0.001475,0.002408
162,0.004589,0.001528,0.002438
162,0.004511,0.001494,0.002577
162,0.004521,0.001463,0.002499
162,0.004567,0.001509,0.002483
162,0.004595,0.001504,0.002463
162,0.004508,0.001516,0.002381
163,0.004610,0.001508,0.002447
163,0.004642,0.001613,0.002505
163,0.004642,0.001553,0.002520
163,0.004642,0.001599,0.002573
163,0.004570,0.001569,0.002507
163,0.004618,0.001500,0.002439
163,0.004629,0.001533,0.002436
163,0.004591,0.001515,0.002364
163,0.004412,0.001477,0.002266
163,0.004384,0.001484,0.002294
164,0.004417,0.001499,0.002293
164,0.004444,0.001492,0.002368
164,0.004458,0.001544,0.002279
164,0.004431,0.001524,0.002263
164,0.004445,0.001511,0.002281
164,0.004449,0.001520,0.002218
164,0.004355,0.001475,0.002466
164,0.004454,0.001471,0.002256
164,0.004634,0.001506,0.002346
164,0.004695,0.001557,0.002402
165,0.004612,0.001571,0.002568
165,0.004662,0.001601,0.002506
165,0.004752,0.001594,0.002602
165,0.004707,0.001562,0.002577
165,0.004805,0.001522,0.002595
165,0.004898,0.001707,0.002495
165,0.004858,0.001531,0.002470
165,0.004693,0.001551,0.002541
165,0.004719,0.001577,0.002586
165,0.004842,0.001554,0.002564
166,0.004887,0.001686,0.002623
166,0.004871,0.001598,0.002637
166,0.004899,0.001616,0.002629
166,0.004950,0.001618,0.002582
166,0.004905,0.001681,0.002668
166,0.004807,0.001558,0.002498
166,0.004725,0.001556,0.002401
166,0.004701,0.001573,0.002345
166,0.004598,0.001580,0.002364
166,0.004636,0.001573,0.002368
167,0.004665,0.001585,0.002443
167,0.004688,0.001591,0.002428
167,0.004697,0.001603,0.002431
167,0.004711,0.001608,0.002401
167,0.004725,0.001586,0.002422
167,0.004694,0.001586,0.002440
167,0.004712,0.001586,0.002432
167,0.004689,0.001621,0.002437
167,0.004695,0.001608,0.002405
167,0.004646,0.001558,0.002364
168,0.004654,0.001647,0.002437
168,0.004668,0.001580,0.002454
168,0.004658,0.001593,0.002396
168,0.004711,0.001604,0.002397
168,0.004671,0.001588,0.002402
168,0.004677,0.001590,0.002405
168,0.004672,0.001612,0.002466
168,0.004973,0.001607,0.002520
168,0.004766,0.001605,0.002552
168,0.004839,0.001588,0.002637
169,0.004902,0.001626,0.002475
169,0.004790,0.001626,0.002488
169,0.004809,0.001655,0.002452
169,0.004959,0.001816,0.002627
169,0.005122,0.002002,0.002664
169,0.004955,0.001656,0.002712
169,0.005152,0.001694,0.002735
169,0.005043,0.001680,0.002727
169,0.005046,0.001692,0.002689
169,0.005145,0.001690,0.002774
170,0.005190,0.001716,0.002836
170,0.005249,0.001715,0.002604
170,0.005051,0.001775,0.002683
170,0.004974,0.001756,0.002699
170,0.005099,0.001740,0.002781
170,0.005078,0.001712,0.002871
170,0.005415,0.001820,0.003149
170,0.005411,0.001840,0.003057
170,0.005211,0.001981,0.003161
170,0.005162,0.001834,0.002859
171,0.005323,0.001856,0.002997
171,0.005412,0.001789,0.003026
171,0.005351,0.001824,0.003012
171,0.005408,0.001866,0.003019
171,0.005463,0.001897,0.002987
171,0.005405,0.001817,0.002940
171,0.005462,0.001950,0.002912
171,0.005484,0.002466,0.002900
171,0.005537,0.001906,0.002969
171,0.005698,0.001949,0.003031
172,0.005521,0.001902,0.003147
172,0.005593,0.001831,0.003030
172,0.005578,0.001835,0.002963
172,0.005580,0.002048,0.003037
172,0.005430,0.001775,0.002792
172,0.005318,0.001761,0.002747
172,0.005157,0.001782,0.002705
172,0.005169,0.001757,0.002689
172,0.005163,0.001819,0.002664
172,0.005167,0.001747,0.002703
173,0.005171,0.001764,0.002672
173,0.005199,0.001769,0.002715
173,0.005178,0.001741,0.002694
173,0.005165,0.001754,0.002762
173,0.005194,0.001744,0.002769
173,0.005221,0.001807,0.002700
173,0.005196,0.001747,0.002734
173,0.005200,0.001771,0.002681
173,0.005198,0.001734,0.002780
173,0.005171,0.001762,0.002723
174,0.005276,0.001799,0.002850
174,0.005553,0.002043,0.003069
174,0.005887,0.002172,0.003409
174,0.005838,0.002079,0.003388
174,0.005837,0.002026,0.003224
174,0.006510,0.002211,0.003273
174,0.006050,0.001996,0.003293
174,0.006013,0.001969,0.003232
174,0.006132,0.002074,0.003285
174,0.006140,0.002025,0.003429
175,0.006309,0.002317,0.003324
175,0.006166,0.002301,0.003540
175,0.006035,0.002138,0.003334
175,0.006256,0.002134,0.003372
175,0.006156,0.002086,0.003191
175,0.005961,0.001978,0.003275
175,0.005715,0.001905,0.002909
175,0.005491,0.001888,0.002923
175,0.005480,0.001905,0.002888
175,0.005442,0.001905,0.002829
176,0.005575,0.001907,0.002895
176,0.005547,0.001895,0.002883
176,0.005584,0.001886,0.002904
176,0.005532,0.001917,0.002870
176,0.005570,0.001896,0.002874
176,0.005544,0.001897,0.002906
176,0.005539,0.001907,0.002863
176,0.005452,0.001869,0.002801
176,0.005471,0.001851,0.002803
176,0.005537,0.001837,0.002792
177,0.005530,0.001876,0.002975
177,0.005600,0.001902,0.003077
177,0.005837,0.002021,0.003313
177,0.005832,0.002030,0.003344
177,0.005866,0.002112,0.003160
177,0.006135,0.001981,0.003217
177,0.005845,0.001970,0.003267
177,0.006175,0.002100,0.003468
177,0.006093,0.002312,0.003457
177,0.006137,0.002241,0.003553
178,0.006296,0.002213,0.003832
178,0.006618,0.002229,0.003886
178,0.006237,0.002201,0.003710
178,0.006334,0.002265,0.003521
178,0.006494,0.002301,0.003693
178,0.006399,0.002093,0.003385
178,0.006244,0.002083,0.003442
178,0.006179,0.002237,0.003333
178,0.006237,0.002142,0.003444
178,0.006284,0.002133,0.003327
179,0.006314,0.002114,0.003291
179,0.005974,0.002053,0.003134
179,0.005920,0.002012,0.003095
179,0.005833,0.002220,0.003116
179,0.005836,0.002209,0.003086
179,0.005801,0.002237,0.003105
179,0.005810,0.002225,0.003106
179,0.005826,0.002237,0.003080
179,0.005826,0.002230,0.003103
179,0.005844,0.002223,0.003105
180,0.006621,0.002266,0.003157
180,0.005931,0.002231,0.003069
180,0.005783,0.001962,0.003032
180,0.005854,0.001970,0.002997
180,0.005789,0.001985,0.002998
180,0.005803,0.001963,0.003004
180,0.005785,0.001986,0.003259
180,0.005862,0.002075,0.003455
180,0.005888,0.002175,0.003059
180,0.005985,0.002327,0.003054
181,0.006117,0.002050,0.003185
181,0.006290,0.002034,0.003174
181,0.006578,0.002130,0.003242
181,0.006060,0.002185,0.003396
181,0.005978,0.002147,0.003190
181,0.006335,0.002206,0.003105
181,0.006082,0.002033,0.003084
181,0.006206,0.002077,0.003174
181,0.006107,0.002109,0.003013
181,0.006349,0.002335,0.003384
182,0.006552,0.002130,0.003160
182,0.006098,0.002108,0.003148
182,0.006165,0.002122,0.003130
182,0.006208,0.002109,0.003210
182,0.006217,0.002139,0.003203
182,0.006167,0.002098,0.003214
182,0.006139,0.002108,0.003176
182,0.006151,0.002111,0.003149
182,0.006254,0.002174,0.003218
182,0.006368,0.002097,0.003169
183,0.006208,0.002174,0.003326
183,0.006242,0.002138,0.003445
183,0.006421,0.002147,0.003190
183,0.006403,0.002123,0.003206
183,0.006240,0.002129,0.003220
183,0.006244,0.002118,0.003235
183,0.006241,0.002118,0.003208
183,0.006263,0.002119,0.003210
183,0.006240,0.002116,0.003195
183,0.006225,0.002165,0.003203
184,0.006301,0.002156,0.003289
184,0.006333,0.002176,0.003293
184,0.006334,0.002179,0.003248
184,0.006342,0.002159,0.003312
184,0.006286,0.002139,0.003150
184,0.006208,0.002115,0.003173
184,0.006189,0.002182,0.003232
184,0.006174,0.002123,0.003204
184,0.006166,0.002171,0.003222
184,0.006248,0.002140,0.003247
185,0.006312,0.002163,0.003230
185,0.006281,0.002170,0.003250
185,0.006290,0.002158,0.003211
185,0.006331,0.002168,0.003281
185,0.006355,0.002170,0.003284
185,0.006497,0.002165,0.003464
185,0.006558,0.002175,0.003516
185,0.006432,0.002283,0.003384
185,0.006411,0.002374,0.003267
185,0.006763,0.002277,0.003575
186,0.006668,0.002197,0.003524
186,0.006531,0.002277,0.003490
186,0.006616,0.002248,0.003386
186,0.006575,0.002143,0.003361
186,0.006645,0.002153,0.003427
186,0.006556,0.002167,0.003546
186,0.006732,0.002394,0.003355
186,0.006742,0.002233,0.003506
186,0.006592,0.002217,0.003517
186,0.006623,0.002233,0.003438
187,0.006655,0.002319,0.003532
187,0.006756,0.002275,0.003489
187,0.006669,0.002279,0.003446
187,0.006701,0.002273,0.003484
187,0.006815,0.002278,0.003542
187,0.006786,0.002267,0.003694
187,0.006968,0.002282,0.003963
187,0.007416,0.002474,0.003881
187,0.007170,0.002358,0.003525
187,0.006660,0.002341,0.003494
188,0.006821,0.002321,0.003580
188,0.007094,0.002639,0.004034
188,0.007588,0.002602,0.003853
188,0.007639,0.002502,0.003961
188,0.006776,0.002276,0.003533
188,0.006787,0.002282,0.003494
188,0.006819,0.002268,0.003493
188,0.006767,0.002287,0.003470
188,0.006780,0.002277,0.003489
188,0.006783,0.002295,0.003542
189,0.006875,0.002331,0.003538
189,0.006894,0.002302,0.003544
189,0.006917,0.002334,0.003529
189,0.006900,0.002318,0.003522
189,0.006894,0.002322,0.003542
189,0.006883,0.002311,0.003534
189,0.006904,0.002301,0.003571
189,0.006899,0.002327,0.003571
189,0.006882,0.002328,0.003551
189,0.006903,0.002270,0.003450
190,0.006842,0.002341,0.003506
190,0.006884,0.002327,0.003560
190,0.006837,0.002380,0.003496
190,0.006839,0.002329,0.003517
190,0.006888,0.002294,0.003545
190,0.007043,0.002340,0.003541
190,0.006876,0.002427,0.003846
190,0.007627,0.002607,0.004002
190,0.007609,0.002615,0.003874
190,0.007483,0.002579,0.003748
191,0.007450,0.002647,0.003792
191,0.007785,0.002653,0.003830
191,0.008070,0.002712,0.004199
191,0.007685,0.002392,0.003771
191,0.007274,0.002416,0.003860
191,0.007356,0.002423,0.003884
191,0.007257,0.002457,0.003948
191,0.007347,0.002454,0.003898
191,0.007274,0.002433,0.003657
191,0.007141,0.002417,0.003657
192,0.007198,0.002443,0.003711
192,0.007222,0.002395,0.003686
192,0.007097,0.002376,0.003735
192,0.007135,0.002442,0.003719
192,0.007101,0.002392,0.003682
192,0.007131,0.002396,0.003701
192,0.007057,0.002370,0.003746
192,0.007045,0.002393,0.003695
192,0.007036,0.002369,0.003683
192,0.007030,0.002370,0.003759
193,0.007143,0.002428,0.003687
193,0.007139,0.002435,0.003676
193,0.007214,0.002617,0.003718
193,0.007204,0.002452,0.003642
193,0.007259,0.002408,0.003687
193,0.008043,0.002498,0.003874
193,0.007758,0.002601,0.003939
193,0.007719,0.002785,0.003906
193,0.007885,0.002604,0.003910
193,0.007675,0.002525,0.003963
194,0.007989,0.002625,0.004006
194,0.007638,0.002643,0.004170
194,0.007871,0.002697,0.003951
194,0.007637,0.002534,0.003966
194,0.007558,0.002596,0.004031
194,0.007544,0.002523,0.004070
194,0.007613,0.002536,0.004086
194,0.007558,0.002517,0.003830
194,0.007476,0.002556,0.003797
194,0.007463,0.002516,0.003817
195,0.007623,0.002895,0.004015
195,0.007598,0.002871,0.004016
195,0.007579,0.002867,0.004049
195,0.007591,0.002891,0.004011
195,0.007566,0.002856,0.004033
195,0.007596,0.002892,0.004036
195,0.007750,0.002883,0.004165
195,0.007483,0.002835,0.003970
195,0.007562,0.002862,0.003987
195,0.007390,0.002785,0.003930
196,0.007515,0.002883,0.003994
196,0.007504,0.002919,0.004023
196,0.007740,0.002568,0.003883
196,0.007677,0.002520,0.003848
196,0.007492,0.002750,0.003971
196,0.007953,0.002551,0.004142
196,0.008071,0.002681,0.003937
196,0.008156,0.002549,0.004132
196,0.007759,0.002669,0.003963
196,0.007852,0.002664,0.004121
197,0.007866,0.002644,0.004019
197,0.007870,0.002711,0.004043
197,0.007821,0.002765,0.004002
197,0.007896,0.002644,0.004155
197,0.007846,0.002699,0.004013
197,0.007925,0.002729,0.004063
197,0.007834,0.002635,0.004046
197,0.007815,0.002610,0.004045
197,0.007796,0.002637,0.004038
197,0.007821,0.002646,0.004008
198,0.007890,0.002690,0.004074
198,0.007938,0.002718,0.004069
198,0.007965,0.002719,0.004153
198,0.007960,0.002713,0.004073
198,0.007769,0.002641,0.004026
198,0.007799,0.002652,0.003950
198,0.007824,0.002592,0.004050
198,0.007748,0.002631,0.003996
198,0.007780,0.002640,0.004023
198,0.007741,0.002658,0.004009
199,0.007808,0.002679,0.003979
199,0.007853,0.002693,0.004603
199,0.008280,0.002708,0.004163
199,0.007867,0.002652,0.004063
199,0.007836,0.002686,0.004079
199,0.008090,0.002769,0.004075
199,0.007911,0.002652,0.004069
199,0.008226,0.002942,0.004066
199,0.008164,0.002731,0.004214
199,0.008179,0.002913,0.004051
200,0.008417,0.002758,0.004336
200,0.008163,0.002995,0.004134
200,0.008400,0.002943,0.004501
200,0.008235,0.002803,0.004174
200,0.008271,0.002844,0.004401
200,0.008306,0.002813,0.004439
200,0.008224,0.002874,0.004288
200,0.008382,0.002804,0.004218
200,0.008187,0.002800,0.004246
200,0.008197,0.002792,0.004152
201,0.008175,0.002750,0.004203
201,0.008070,0.002786,0.004135
201,0.008375,0.002799,0.004149
201,0.008232,0.002846,0.004172
201,0.008154,0.002771,0.004174
201,0.008128,0.002728,0.004145
201,0.008151,0.002845,0.004205
201,0.008112,0.002877,0.004158
201,0.008157,0.002943,0.004406
201,0.008134,0.002837,0.004208
202,0.008291,0.002801,0.004291
202,0.008276,0.002821,0.004265
202,0.008297,0.002804,0.004246
202,0.008269,0.002797,0.004239
202,0.008534,0.003118,0.004575
202,0.008728,0.003131,0.004792
202,0.008931,0.002939,0.004793
202,0.008926,0.002976,0.004938
202,0.009189,0.002976,0.004857
202,0.008986,0.003058,0.005070
203,0.008982,0.003128,0.004986
203,0.009257,0.003103,0.005008
203,0.009296,0.003064,0.004909
203,0.009288,0.003103,0.004844
203,0.008828,0.002929,0.004464
203,0.008699,0.002904,0.004427
203,0.008670,0.002929,0.004465
203,0.008608,0.002922,0.004437
203,0.008646,0.002926,0.004432
203,0.008634,0.002922,0.004453
204,0.008744,0.003029,0.004463
204,0.008666,0.002880,0.004479
204,0.008696,0.002885,0.004643
204,0.008590,0.002890,0.004568
204,0.008692,0.002883,0.004671
204,0.008592,0.002893,0.004525
204,0.008620,0.002901,0.004531
204,0.008595,0.002893,0.004436
204,0.008664,0.002883,0.004444
204,0.008647,0.002878,0.004423
205,0.008684,0.002925,0.004511
205,0.008661,0.002920,0.004526
205,0.008826,0.002988,0.004475
205,0.008711,0.002923,0.004431
205,0.008696,0.002933,0.004410
205,0.008698,0.002931,0.004446
205,0.008626,0.002920,0.004506
205,0.008806,0.002951,0.004444
205,0.008812,0.002955,0.004453
205,0.009187,0.004193,0.004422
206,0.008945,0.002966,0.004571
206,0.008917,0.002963,0.004571
206,0.009034,0.003132,0.004896
206,0.009052,0.003345,0.005218
206,0.009493,0.003283,0.005253
206,0.009632,0.003243,0.005444
206,0.009522,0.003184,0.005373
206,0.009425,0.003302,0.005114
206,0.009564,0.003119,0.005084
206,0.009517,0.003265,0.005236
207,0.009720,0.003262,0.005243
207,0.009725,0.003178,0.005049
207,0.009365,0.003076,0.004730
207,0.009261,0.003117,0.004676
207,0.009217,0.003089,0.004661
207,0.009232,0.003092,0.004805
207,0.008905,0.003401,0.004748
207,0.008972,0.003473,0.004744
207,0.008930,0.002985,0.004734
207,0.009045,0.002978,0.004885
208,0.009502,0.003219,0.004690
208,0.009108,0.003070,0.004670
208,0.009024,0.003046,0.004623
208,0.008960,0.003049,0.004601
208,0.009058,0.003014,0.004576
208,0.008988,0.003076,0.004638
208,0.008971,0.003151,0.004915
208,0.009339,0.003258,0.004757
208,0.009583,0.003174,0.004825
208,0.009409,0.003352,0.004716
209,0.009407,0.003181,0.004682
209,0.009505,0.003174,0.005086
209,0.009340,0.003154,0.004997
209,0.009461,0.003258,0.004793
209,0.009427,0.003264,0.004846
209,0.009460,0.003184,0.004793
209,0.009354,0.003185,0.004782
209,0.009362,0.003155,0.004802
209,0.009368,0.003201,0.004687
209,0.009131,0.003107,0.004663
210,0.009265,0.003134,0.004713
210,0.009319,0.003143,0.004768
210,0.009352,0.003175,0.004731
210,0.009264,0.003122,0.004769
210,0.009350,0.003187,0.004741
210,0.009282,0.003179,0.004695
210,0.009304,0.003139,0.004764
210,0.009303,0.003147,0.004757
210,0.009385,0.003112,0.004728
210,0.009328,0.003191,0.004727
211,0.009562,0.003194,0.004826
211,0.009478,0.003194,0.004799
211,0.009535,0.003185,0.004842
211,0.009637,0.003212,0.004777
211,0.009413,0.003200,0.004814
211,0.009445,0.003277,0.004854
211,0.009391,0.003247,0.004775
211,0.009383,0.003192,0.004820
211,0.009520,0.003262,0.005242
211,0.010397,0.003545,0.005608
212,0.009771,0.003319,0.005024
212,0.009596,0.003230,0.004986
212,0.009553,0.003233,0.004833
212,0.009585,0.003238,0.004866
212,0.009499,0.003226,0.004976
212,0.009576,0.003274,0.004883
212,0.009667,0.003449,0.005061
212,0.010139,0.003368,0.005050
212,0.010243,0.003344,0.005092
212,0.009942,0.003387,0.005047
213,0.010243,0.003620,0.005093
213,0.010623,0.003441,0.005269
213,0.010113,0.003504,0.005377
213,0.010364,0.003437,0.005636
213,0.010316,0.003519,0.005788
213,0.010323,0.003505,0.005316
213,0.010105,0.003443,0.005119
213,0.010007,0.003387,0.005112
213,0.010003,0.003403,0.005078
213,0.010007,0.003419,0.005077
214,0.010124,0.003438,0.005199
214,0.010120,0.003386,0.005150
214,0.009975,0.003394,0.005089
214,0.010094,0.003400,0.005563
214,0.010437,0.003456,0.005738
214,0.010660,0.003463,0.005885
214,0.010430,0.003602,0.005949
214,0.010379,0.003582,0.005838
214,0.010862,0.003534,0.006327
214,0.010760,0.003818,0.006166
215,0.011032,0.003862,0.006427
215,0.013090,0.003469,0.005306
215,0.010303,0.003431,0.005351
215,0.010333,0.003434,0.005227
215,0.010373,0.003492,0.005227
215,0.010228,0.003441,0.005215
215,0.010287,0.003527,0.005221
215,0.010348,0.006626,0.005207
215,0.010208,0.003449,0.005205
215,0.010219,0.003434,0.005171
216,0.010323,0.003424,0.005269
216,0.010158,0.003424,0.005207
216,0.010089,0.003351,0.005200
216,0.010176,0.003352,0.005179
216,0.010337,0.003404,0.005439
216,0.010348,0.003441,0.005486
216,0.010364,0.003449,0.005436
216,0.010651,0.003426,0.005424
216,0.010549,0.003414,0.005619
216,0.010441,0.003511,0.006121
217,0.010807,0.003424,0.005586
217,0.010613,0.003484,0.005489
217,0.010727,0.003479,0.005406
217,0.010568,0.003479,0.005341
217,0.010585,0.003470,0.005324
217,0.010529,0.003451,0.005340
217,0.010443,0.003379,0.005208
217,0.010307,0.003403,0.005305
217,0.010240,0.003378,0.005166
217,0.010229,0.003356,0.005183
218,0.010441,0.003426,0.005259
218,0.010343,0.003537,0.005449
218,0.010395,0.003561,0.005364
218,0.010439,0.004397,0.005367
218,0.010471,0.003511,0.005322
218,0.010418,0.003525,0.005289
218,0.010451,0.003519,0.005309
218,0.010440,0.003494,0.005351
218,0.010507,0.003532,0.005282
218,0.010456,0.003481,0.005332
219,0.010627,0.003541,0.005400
219,0.010645,0.003520,0.005501
219,0.010598,0.003509,0.005503
219,0.010707,0.003784,0.005965
219,0.011386,0.003758,0.005997
219,0.011012,0.003827,0.006120
219,0.011090,0.003974,0.006106
219,0.011647,0.003643,0.005920
219,0.011275,0.003701,0.006175
219,0.011332,0.003768,0.006158
220,0.011393,0.003841,0.006323
220,0.011156,0.003695,0.005618
220,0.011046,0.003675,0.005614
220,0.011057,0.003670,0.005644
220,0.010962,0.003705,0.005568
220,0.010988,0.003663,0.005612
220,0.010833,0.003624,0.005625
220,0.011279,0.003889,0.006007
220,0.011378,0.003814,0.005910
220,0.011332,0.003587,0.006028
221,0.011309,0.003696,0.006310
221,0.011427,0.003740,0.006069
221,0.011513,0.004174,0.005965
221,0.011154,0.003816,0.005643
221,0.011125,0.003674,0.005645
221,0.011118,0.003673,0.005662
221,0.011096,0.003704,0.005654
221,0.011072,0.003675,0.005665
221,0.011083,0.003667,0.005657
221,0.011060,0.003699,0.005697
222,0.011210,0.003611,0.005571
222,0.011133,0.003649,0.005634
222,0.011105,0.003649,0.005544
222,0.011068,0.003676,0.005572
222,0.011037,0.003774,0.005873
222,0.012190,0.004185,0.006148
222,0.012303,0.003893,0.006397
222,0.012083,0.003947,0.006309
222,0.012086,0.003944,0.005988
222,0.011990,0.003943,0.005760
223,0.011814,0.003890,0.005923
223,0.011791,0.003879,0.006339
223,0.011645,0.003767,0.005817
223,0.011492,0.003868,0.005821
223,0.011477,0.003765,0.005755
223,0.011468,0.003772,0.005776
223,0.011463,0.003753,0.005806
223,0.011453,0.003763,0.005796
223,0.011517,0.003763,0.005732
223,0.011247,0.003657,0.005805
224,0.011380,0.003752,0.005833
224,0.011451,0.003772,0.005838
224,0.011319,0.003783,0.005923
224,0.011257,0.003754,0.005881
224,0.011391,0.003783,0.005899
224,0.011468,0.003768,0.005896
224,0.011305,0.003741,0.005870
224,0.011357,0.003726,0.005898
224,0.011288,0.003738,0.005857
224,0.011294,0.003746,0.005926
225,0.011833,0.003784,0.005916
225,0.011506,0.003792,0.005832
225,0.011466,0.003788,0.005829
225,0.011488,0.003790,0.005892
225,0.011439,0.003821,0.005879
225,0.011433,0.003821,0.005933
225,0.011470,0.003799,0.005822
225,0.011420,0.003880,0.005836
225,0.011492,0.003857,0.005964
225,0.011557,0.003808,0.005908
226,0.011570,0.012658,0.005889
226,0.011618,0.003957,0.006110
226,0.011940,0.004014,0.006718
226,0.012931,0.004335,0.006845
226,0.012957,0.004586,0.007321
226,0.012753,0.004542,0.007014
226,0.012628,0.004323,0.007063
226,0.012802,0.004186,0.006851
226,0.012360,0.004003,0.006349
226,0.012042,0.003950,0.006091
227,0.011998,0.003995,0.006138
227,0.012035,0.003999,0.006219
227,0.012035,0.004001,0.006102
227,0.011988,0.003988,0.006091
227,0.011941,0.004005,0.005999
227,0.011883,0.004024,0.006028
227,0.011877,0.003989,0.006040
227,0.011797,0.004027,0.006067
227,0.011809,0.003946,0.006067
227,0.011850,0.003948,0.006191
228,0.011899,0.004074,0.006273
228,0.011970,0.004013,0.006240
228,0.012101,0.004039,0.006396
228,0.012070,0.004023,0.006226
228,0.012073,0.004028,0.006251
228,0.012033,0.004075,0.006328
228,0.012042,0.004022,0.006213
228,0.012044,0.004017,0.006321
228,0.012139,0.004108,0.006175
228,0.012152,0.004029,0.006263
229,0.012126,0.004078,0.006301
229,0.012141,0.004155,0.006278
229,0.012172,0.004127,0.006275
229,0.012174,0.004073,0.006386
229,0.012200,0.004102,0.006460
229,0.012228,0.004136,0.006312
229,0.012161,0.004103,0.006352
229,0.012180,0.004085,0.006349
229,0.012282,0.004134,0.006313
229,0.012333,0.004171,0.006230
230,0.012513,0.004081,0.006368
230,0.012540,0.004303,0.006442
230,0.013329,0.004140,0.007060
230,0.013115,0.004287,0.007094
230,0.013251,0.004456,0.007101
230,0.013177,0.004394,0.007093
230,0.013422,0.004442,0.007207
230,0.013028,0.004386,0.007315
230,0.013252,0.004260,0.006625
230,0.012809,0.004179,0.006436
231,0.012867,0.004257,0.006523
231,0.012954,0.004273,0.006846
231,0.013103,0.004392,0.006682
231,0.013452,0.004239,0.007206
231,0.013165,0.004718,0.006983
231,0.013218,0.004558,0.007514
231,0.013289,0.004607,0.007270
231,0.013169,0.004172,0.006543
231,0.012853,0.004164,0.006474
231,0.012855,0.004191,0.006498
232,0.012986,0.004281,0.006704
232,0.013328,0.004254,0.006538
232,0.012969,0.004239,0.006533
232,0.013004,0.004248,0.006579
232,0.012970,0.004261,0.006521
232,0.012874,0.004135,0.006366
232,0.012700,0.004123,0.006540
232,0.012819,0.004143,0.006422
232,0.012665,0.004133,0.006462
232,0.012680,0.004147,0.006461
233,0.012774,0.004187,0.006556
233,0.012945,0.004190,0.006619
233,0.012860,0.004150,0.006509
233,0.012873,0.004182,0.006560
233,0.012914,0.004216,0.006492
233,0.013036,0.004176,0.006651
233,0.013018,0.004300,0.006601
233,0.012958,0.004190,0.006517
233,0.012943,0.004169,0.006515
233,0.012936,0.004171,0.006578
234,0.013033,0.004211,0.006665
234,0.012967,0.004239,0.006596
234,0.013033,0.004187,0.006549
234,0.013047,0.004293,0.006559
234,0.013130,0.004205,0.006685
234,0.013966,0.005120,0.006980
234,0.013560,0.004491,0.007327
234,0.013641,0.004358,0.006885
234,0.013669,0.004460,0.007568
234,0.013847,0.004584,0.007561
235,0.013938,0.004633,0.007669
235,0.013841,0.004676,0.007537
235,0.013617,0.004356,0.006877
235,0.013464,0.004346,0.006762
235,0.013213,0.004281,0.006867
235,0.013324,0.004254,0.006804
235,0.013311,0.004336,0.006806
235,0.013290,0.004230,0.006811
235,0.013435,0.004668,0.006778
235,0.013803,0.004718,0.008142
236,0.015129,0.005126,0.008602
236,0.015173,0.005301,0.008298
236,0.015437,0.005309,0.007870
236,0.014042,0.004668,0.007070
236,0.014066,0.004471,0.007069
236,0.013773,0.004450,0.006872
236,0.013615,0.004480,0.006847
236,0.013671,0.004479,0.006856
236,0.013659,0.004453,0.006909
236,0.013392,0.004403,0.006771
237,0.013575,0.004457,0.006752
237,0.013642,0.004402,0.006764
237,0.013519,0.004457,0.006758
237,0.013549,0.004396,0.006801
237,0.014401,0.005103,0.007211
237,0.014701,0.005068,0.007368
237,0.014782,0.004716,0.007407
237,0.014068,0.004505,0.007333
237,0.014198,0.004583,0.007428
237,0.014077,0.004602,0.007323
238,0.014162,0.004560,0.007032
238,0.014171,0.004565,0.007014
238,0.014157,0.004574,0.007066
238,0.014164,0.004609,0.007037
238,0.013945,0.004454,0.006883
238,0.013771,0.004488,0.006923
238,0.013925,0.004493,0.006855
238,0.013817,0.004781,0.006821
238,0.013976,0.004454,0.006898
238,0.013975,0.004533,0.006851
239,0.013984,0.004519,0.006988
239,0.014068,0.004489,0.007034
239,0.014137,0.004494,0.007064
239,0.014098,0.004556,0.007106
239,0.014680,0.004745,0.007020
239,0.014120,0.005397,0.007549
239,0.015186,0.004840,0.007817
239,0.014829,0.004816,0.007586
239,0.014739,0.004794,0.007790
239,0.014996,0.004833,0.008177
240,0.014862,0.005133,0.008321
240,0.014881,0.004806,0.007818
240,0.014517,0.004933,0.007591
240,0.014509,0.004885,0.008014
240,0.014765,0.005187,0.008235
240,0.015061,0.004972,0.008328
240,0.014706,0.004964,0.008229
240,0.015045,0.004976,0.008238
240,0.015047,0.005190,0.008350
240,0.014899,0.004754,0.007657
241,0.014680,0.004818,0.007407
241,0.014747,0.004806,0.007441
241,0.014571,0.004851,0.007455
241,0.014661,0.004763,0.007355
241,0.014335,0.004733,0.007522
241,0.014342,0.004711,0.007386
241,0.014384,0.004735,0.007470
241,0.014366,0.004660,0.007497
241,0.014355,0.004674,0.007403
241,0.014278,0.005160,0.008017
242,0.014970,0.005479,0.008428
242,0.015197,0.005292,0.008393
242,0.015099,0.005299,0.008482
242,0.015503,0.005432,0.008616
242,0.015597,0.005354,0.008408
242,0.014882,0.004949,0.007491
242,0.014701,0.004921,0.007487
242,0.014802,0.004950,0.007424
242,0.014442,0.004866,0.007469
242,0.014355,0.004802,0.007524
243,0.014618,0.004982,0.007623
243,0.014578,0.005080,0.007708
243,0.014429,0.005542,0.007688
243,0.014416,0.005564,0.007753
243,0.014473,0.005413,0.008009
243,0.014506,0.005696,0.007835
243,0.014476,0.005542,0.007688
243,0.014412,0.005569,0.007722
243,0.014740,0.005572,0.007786
243,0.014503,0.005557,0.007668
244,0.014559,0.005600,0.007853
244,0.014683,0.005644,0.007784
244,0.014653,0.004866,0.007413
244,0.014586,0.004899,0.007348
244,0.014594,0.004829,0.007320
244,0.014942,0.005123,0.007579
244,0.015018,0.005141,0.007529
244,0.015312,0.005034,0.007623
244,0.015290,0.005294,0.007969
244,0.016156,0.005074,0.007871
245,0.015461,0.005020,0.007812
245,0.015514,0.005059,0.007761
245,0.015405,0.005012,0.008020
245,0.015398,0.005169,0.008125
245,0.015281,0.005018,0.008315
245,0.015474,0.005070,0.008242
245,0.015432,0.005058,0.008180
245,0.015450,0.005043,0.007745
245,0.015229,0.005053,0.007994
245,0.015440,0.005022,0.008150
246,0.015596,0.005065,0.007775
246,0.015444,0.005064,0.007733
246,0.015461,0.005079,0.007754
246,0.015329,0.005061,0.007501
246,0.015099,0.004943,0.007537
246,0.015108,0.004946,0.007554
246,0.015194,0.004942,0.007689
246,0.015262,0.005088,0.007645
246,0.015111,0.005080,0.007842
246,0.015765,0.005339,0.008258
247,0.016116,0.005535,0.008660
247,0.016606,0.005784,0.009305
247,0.016788,0.005921,0.009236
247,0.016428,0.005696,0.008683
247,0.015809,0.005221,0.007981
247,0.015744,0.005191,0.007962
247,0.015686,0.005237,0.007925
247,0.015443,0.005086,0.008052
247,0.015393,0.005112,0.008045
247,0.015452,0.005098,0.008310
248,0.016161,0.005592,0.009064
248,0.016362,0.005653,0.009024
248,0.016552,0.005611,0.009111
248,0.016479,0.006074,0.010945
248,0.023237,0.010747,0.018502
248,0.017694,0.006260,0.012368
248,0.017682,0.005781,0.009611
248,0.016793,0.005796,0.009298
248,0.017060,0.005688,0.009297
248,0.016238,0.005224,0.008571
249,0.016086,0.005291,0.008267
249,0.016131,0.005427,0.008212
249,0.016175,0.005164,0.008328
249,0.015881,0.005181,0.008291
249,0.015864,0.005147,0.008335
249,0.015799,0.005207,0.008561
249,0.015874,0.005137,0.008260
249,0.015781,0.005165,0.008214
249,0.015789,0.005530,0.008239
249,0.015641,0.005844,0.008290
250,0.015712,0.005883,0.008337
250,0.015882,0.005159,0.007954
250,0.016753,0.005387,0.007966
250,0.015735,0.005181,0.007908
250,0.015806,0.005169,0.008021
250,0.016057,0.005277,0.008682
250,0.016515,0.005289,0.008261
250,0.016254,0.005455,0.008157
250,0.016516,0.005382,0.008283
250,0.016311,0.005300,0.008295
251,0.016583,0.005371,0.008224
251,0.016306,0.005347,0.008083
251,0.016031,0.005224,0.008061
251,0.016016,0.005360,0.008421
251,0.016727,0.005370,0.008321
251,0.016496,0.005577,0.008584
251,0.017244,0.005719,0.008728
251,0.016942,0.005649,0.008924
251,0.016969,0.005666,0.008517
251,0.016776,0.005438,0.008371
252,0.016638,0.005509,0.008396
252,0.016720,0.005449,0.008300
252,0.016612,0.005425,0.008290
252,0.016541,0.005443,0.008292
252,0.016726,0.005446,0.008373
252,0.016960,0.005488,0.008464
252,0.016855,0.005596,0.008141
252,0.017063,0.005494,0.008342
252,0.016749,0.005650,0.008434
252,0.016791,0.005586,0.008497
253,0.017066,0.005542,0.008538
253,0.017059,0.005657,0.009566
253,0.017447,0.006387,0.010026
253,0.017630,0.006064,0.009894
253,0.017391,0.005555,0.009022
253,0.016885,0.005576,0.008705
253,0.017050,0.005676,0.009767
253,0.017805,0.006222,0.010076
253,0.017857,0.006180,0.009942
253,0.017752,0.006470,0.009966
254,0.022267,0.006093,0.010231
254,0.022285,0.005892,0.009107
254,0.021713,0.005790,0.008797
254,0.021580,0.005929,0.009841
254,0.022633,0.006078,0.009933
254,0.022310,0.006496,0.010060
254,0.022551,0.006121,0.009877
254,0.022616,0.006325,0.009721
254,0.021829,0.005845,0.008781
254,0.021647,0.005985,0.008738
255,0.021849,0.005459,0.008837
255,0.023530,0.005841,0.008954
255,0.022403,0.006223,0.009419
255,0.023090,0.006192,0.010019
255,0.022670,0.006316,0.010064
255,0.022939,0.006404,0.010244
255,0.022647,0.005912,0.008876
255,0.022095,0.006256,0.009032
255,0.020714,0.005853,0.008517
255,0.021649,0.005834,0.008871
256,0.017015,0.005667,0.009278
256,0.017765,0.006271,0.010099
256,0.017973,0.006137,0.010396
256,0.018342,0.006431,0.010209
256,0.018247,0.006207,0.010382
256,0.018291,0.005929,0.009346
256,0.017410,0.005748,0.008905
256,0.017145,0.005619,0.009240
256,0.017215,0.005650,0.009071
256,0.017116,0.005673,0.009019
257,0.017252,0.005922,0.009279
257,0.018514,0.006228,0.010334
257,0.018223,0.006427,0.010386
257,0.018411,0.006359,0.010561
257,0.017988,0.006007,0.009883
257,0.017944,0.005906,0.009393
257,0.017772,0.005819,0.009170
257,0.017669,0.005788,0.009009
257,0.017622,0.005801,0.008971
257,0.017194,0.005659,0.009156
258,0.017447,0.005758,0.009271
258,0.017630,0.005682,0.009175
258,0.017483,0.005750,0.009255
258,0.017520,0.005749,0.009211
258,0.017355,0.005768,0.009210
258,0.017895,0.006092,0.010083
258,0.018447,0.006298,0.010295
258,0.018552,0.006213,0.010061
258,0.017759,0.005809,0.008984
258,0.017949,0.005763,0.009145
259,0.018079,0.005872,0.009037
259,0.017937,0.005847,0.009067
259,0.018098,0.005889,0.009064
259,0.017988,0.005902,0.009130
259,0.017871,0.005808,0.009106
259,0.019679,0.006154,0.009526
259,0.018942,0.006050,0.009623
259,0.018099,0.005874,0.009679
259,0.018212,0.005939,0.009749
259,0.017999,0.005930,0.009649
260,0.018120,0.005935,0.009094
260,0.018190,0.005908,0.009120
260,0.018121,0.005765,0.009014
260,0.017751,0.005823,0.008935
260,0.017903,0.005809,0.008995
260,0.017863,0.005742,0.008958
260,0.017774,0.005761,0.009039
260,0.017883,0.005808,0.008969
260,0.017799,0.005807,0.009018
260,0.017824,0.005746,0.008902
261,0.018013,0.005863,0.009124
261,0.018021,0.005908,0.009039
261,0.019070,0.006516,0.009783
261,0.019575,0.006365,0.009996
261,0.019512,0.006055,0.009872
261,0.018580,0.006089,0.010164
261,0.018567,0.006101,0.009779
261,0.018653,0.006142,0.009345
261,0.018410,0.006307,0.009390
261,0.018424,0.006166,0.009255
262,0.018470,0.005966,0.009457
262,0.018656,0.006364,0.010521
262,0.019641,0.006408,0.010642
262,0.019430,0.006462,0.010800
262,0.019625,0.006652,0.010629
262,0.019569,0.006473,0.010605
262,0.019117,0.006078,0.009594
262,0.019089,0.006097,0.009556
262,0.018737,0.005983,0.009674
262,0.018479,0.005957,0.009688
263,0.018994,0.006054,0.009800
263,0.018764,0.006053,0.009767
263,0.018727,0.006151,0.009777
263,0.018752,0.006043,0.009752
263,0.018797,0.005979,0.009736
263,0.018834,0.006055,0.009811
263,0.018737,0.006027,0.009703
263,0.018794,0.007074,0.010282
263,0.018744,0.006010,0.009697
263,0.018974,0.006074,0.009755
264,0.018724,0.006109,0.009770
264,0.018686,0.006153,0.009831
264,0.019168,0.006622,0.010762
264,0.019729,0.006604,0.010837
264,0.020106,0.006512,0.010463
264,0.019301,0.006131,0.009516
264,0.019046,0.006185,0.009491
264,0.019130,0.006133,0.009511
264,0.019001,0.006107,0.009713
264,0.019426,0.006175,0.009567
265,0.019175,0.006194,0.009445
265,0.018892,0.006189,0.009799
265,0.019826,0.006615,0.009571
265,0.019100,0.006343,0.009712
265,0.019299,0.006227,0.009689
265,0.019444,0.006256,0.009647
265,0.019199,0.006213,0.009590
265,0.019138,0.006203,0.009577
265,0.019260,0.006197,0.009635
265,0.018913,0.006061,0.009343
266,0.019012,0.006272,0.009833
266,0.019882,0.006298,0.009971
266,0.019522,0.006293,0.009769
266,0.019434,0.006278,0.009771
266,0.019642,0.006293,0.009814
266,0.019450,0.006484,0.009685
266,0.019424,0.006259,0.009746
266,0.019497,0.006124,0.009577
266,0.019127,0.006204,0.009474
266,0.019011,0.006104,0.009521
267,0.019202,0.006303,0.009655
267,0.019226,0.006219,0.009647
267,0.019759,0.006390,0.010013
267,0.019908,0.006381,0.009988
267,0.020040,0.006720,0.011029
267,0.020693,0.006945,0.011563
267,0.020289,0.006806,0.011221
267,0.020087,0.006794,0.011186
267,0.020332,0.006770,0.010691
267,0.019778,0.006356,0.010168
268,0.019921,0.006441,0.010047
268,0.019567,0.006269,0.010261
268,0.019561,0.006268,0.010163
268,0.019619,0.006308,0.010245
268,0.019570,0.006309,0.010192
268,0.019509,0.006290,0.010119
268,0.020602,0.008001,0.016945
268,0.033300,0.007227,0.011018
268,0.021320,0.006573,0.010439
268,0.020300,0.006633,0.010840
269,0.020223,0.006578,0.010961
269,0.020292,0.006541,0.010070
269,0.020053,0.006530,0.010057
269,0.020097,0.006589,0.010021
269,0.019679,0.006405,0.009930
269,0.019699,0.006388,0.009949
269,0.019707,0.006389,0.010044
269,0.019757,0.006336,0.010052
269,0.019670,0.006465,0.010032
269,0.019882,0.006853,0.009912
270,0.020408,0.006562,0.010939
270,0.020413,0.006556,0.010082
270,0.020536,0.006550,0.010186
270,0.020422,0.006511,0.010344
270,0.021413,0.006896,0.011909
270,0.023211,0.007875,0.012429
270,0.023209,0.008045,0.013098
270,0.023399,0.008025,0.012874
270,0.021980,0.007481,0.011613
270,0.021136,0.006648,0.010650
271,0.021090,0.006807,0.010687
271,0.021126,0.006775,0.010684
271,0.020955,0.006826,0.010917
271,0.020804,0.006686,0.010786
271,0.020852,0.006652,0.010808
271,0.020828,0.006672,0.010753
271,0.020769,0.006655,0.010826
271,0.020709,0.006585,0.012018
271,0.020830,0.006591,0.010610
271,0.021004,0.006620,0.010674
272,0.020497,0.006750,0.010930
272,0.020399,0.007064,0.010923
272,0.020690,0.006776,0.010796
272,0.020464,0.006704,0.010861
272,0.020454,0.006709,0.011208
272,0.021124,0.006716,0.010400
272,0.021280,0.006647,0.011015
272,0.021571,0.006812,0.010739
272,0.021108,0.006827,0.010572
272,0.020992,0.006785,0.010489
273,0.021088,0.006881,0.010544
273,0.021011,0.006820,0.010504
273,0.020916,0.006666,0.010341
273,0.020496,0.006721,0.010246
273,0.020569,0.006992,0.010647
273,0.021803,0.006784,0.010769
273,0.021448,0.006731,0.010965
273,0.021379,0.007010,0.010832
273,0.021208,0.007137,0.010740
273,0.021179,0.006824,0.010529
274,0.021070,0.006784,0.010451
274,0.020950,0.006738,0.010459
274,0.020784,0.006781,0.010360
274,0.020730,0.006739,0.010332
274,0.020771,0.006788,0.010684
274,0.020785,0.006763,0.010398
274,0.020753,0.006768,0.010481
274,0.020775,0.006779,0.010424
274,0.021611,0.006909,0.010968
274,0.021571,0.006953,0.010858
275,0.021636,0.007113,0.011625
275,0.021809,0.007599,0.012519
275,0.022092,0.007045,0.011455
275,0.021309,0.006975,0.011260
275,0.021271,0.006928,0.011342
275,0.021206,0.007087,0.011268
275,0.021165,0.006957,0.011163
275,0.021243,0.006914,0.011322
275,0.021594,0.007399,0.012247
275,0.021765,0.007441,0.011987
276,0.022750,0.007490,0.011801
276,0.021575,0.007046,0.011496
276,0.021543,0.007048,0.011594
276,0.021472,0.006994,0.011904
276,0.022433,0.007918,0.012444
276,0.023102,0.007797,0.012947
276,0.022572,0.007872,0.012723
276,0.022591,0.007863,0.011962
276,0.021835,0.007121,0.011151
276,0.021953,0.006929,0.011319
277,0.021822,0.007308,0.011753
277,0.021674,0.007129,0.011646
277,0.021895,0.007052,0.011682
277,0.021621,0.007117,0.011516
277,0.022639,0.007042,0.011175
277,0.022176,0.007250,0.011845
277,0.022337,0.007335,0.012138
277,0.022369,0.007326,0.012426
277,0.022633,0.007119,0.011300
277,0.022068,0.007103,0.011194
278,0.022374,0.007562,0.012545
278,0.022876,0.007821,0.012816
278,0.023154,0.007820,0.012830
278,0.023218,0.007852,0.012372
278,0.022500,0.007150,0.011606
278,0.022335,0.007139,0.011401
278,0.022013,0.007072,0.011603
278,0.021913,0.007022,0.011414
278,0.021765,0.007023,0.011402
278,0.021987,0.007004,0.011962
279,0.022858,0.007833,0.012762
279,0.022901,0.008181,0.013539
279,0.024059,0.008237,0.013627
279,0.023535,0.007876,0.012929
279,0.023146,0.007895,0.012978
279,0.023229,0.007395,0.011873
279,0.022699,0.007249,0.011618
279,0.022567,0.007153,0.011620
279,0.022337,0.007345,0.011264
279,0.022465,0.007118,0.011671
280,0.022373,0.007333,0.011891
280,0.023537,0.008169,0.013416
280,0.023894,0.008147,0.013163
280,0.023698,0.008077,0.013046
280,0.023665,0.008091,0.012583
280,0.023155,0.007385,0.011762
280,0.023058,0.007432,0.011741
280,0.022552,0.007340,0.012533
280,0.023018,0.007582,0.012087
280,0.024191,0.007165,0.011087
281,0.022765,0.007135,0.011207
281,0.022660,0.007211,0.011156
281,0.022741,0.007405,0.011230
281,0.022680,0.007190,0.011624
281,0.022931,0.007449,0.011683
281,0.023551,0.007342,0.011477
281,0.023649,0.007390,0.011517
281,0.023328,0.007519,0.011520
281,0.023257,0.007396,0.011517
281,0.023448,0.007424,0.012209
282,0.023402,0.007451,0.011567
282,0.023817,0.007551,0.011900
282,0.024935,0.008294,0.013249
282,0.024252,0.008292,0.013446
282,0.024557,0.008415,0.013751
282,0.024369,0.008100,0.012766
282,0.023933,0.008058,0.013440
282,0.024273,0.008261,0.013582
282,0.024624,0.008381,0.013587
282,0.024348,0.008208,0.012889
283,0.023910,0.007629,0.012742
283,0.024348,0.008296,0.013603
283,0.024519,0.008444,0.013980
283,0.025205,0.008596,0.013789
283,0.024618,0.007797,0.012800
283,0.024157,0.007719,0.012233
283,0.023517,0.007564,0.012503
283,0.024314,0.008399,0.013654
283,0.024506,0.008047,0.013137
283,0.024423,0.008490,0.013902
284,0.024830,0.007959,0.012766
284,0.024117,0.007744,0.012496
284,0.024082,0.007737,0.012436
284,0.023647,0.007782,0.011823
284,0.024153,0.007784,0.012301
284,0.024734,0.007825,0.012072
284,0.024328,0.007739,0.011990
284,0.024144,0.007674,0.011864
284,0.023976,0.007675,0.011864
284,0.023896,0.007454,0.012591
285,0.024380,0.008084,0.012230
285,0.024698,0.007670,0.012132
285,0.024501,0.007829,0.011964
285,0.025061,0.007756,0.012009
285,0.024193,0.007692,0.011952
285,0.024564,0.007738,0.012006
285,0.023857,0.007485,0.011619
285,0.023687,0.007625,0.011775
285,0.024439,0.007890,0.012216
285,0.024709,0.007866,0.012282
286,0.025281,0.007843,0.012075
286,0.024878,0.007896,0.012143
286,0.024953,0.007833,0.011975
286,0.024116,0.007748,0.011796
286,0.024227,0.007626,0.011792
286,0.024469,0.007827,0.011933
286,0.024942,0.008329,0.013602
286,0.025232,0.008732,0.013955
286,0.025605,0.009563,0.014276
286,0.025802,0.008218,0.013132
287,0.025146,0.007982,0.012801
287,0.025006,0.007750,0.012937
287,0.024733,0.007835,0.012939
287,0.024733,0.007921,0.012865
287,0.024712,0.007850,0.012862
287,0.024966,0.007866,0.012995
287,0.025824,0.008106,0.014090
287,0.026178,0.008787,0.014214
287,0.026403,0.008732,0.014246
287,0.025596,0.007999,0.012764
288,0.024462,0.007932,0.012968
288,0.024600,0.008041,0.012969
288,0.024531,0.007888,0.012903
288,0.024911,0.008633,0.014219
288,0.025943,0.008889,0.014376
288,0.026054,0.008903,0.014603
288,0.026239,0.007967,0.012613
288,0.024870,0.007935,0.012398
288,0.024599,0.007776,0.012643
288,0.024389,0.007932,0.013291
289,0.025101,0.007839,0.012878
289,0.024694,0.007833,0.012837
289,0.024797,0.007865,0.012823
289,0.024700,0.007823,0.012831
289,0.024744,0.007794,0.013419
289,0.025557,0.008675,0.014337
289,0.026219,0.008788,0.014625
289,0.027140,0.015473,0.014372
289,0.025589,0.007998,0.013038
289,0.025215,0.007983,0.012834
290,0.025574,0.008089,0.012917
290,0.025298,0.008479,0.014129
290,0.026224,0.008879,0.014393
290,0.026214,0.021232,0.014788
290,0.027501,0.008813,0.014783
290,0.026212,0.008975,0.014627
290,0.026675,0.009160,0.012840
290,0.025455,0.008119,0.012546
290,0.025505,0.008081,0.012297
290,0.024914,0.008071,0.013241
291,0.027815,0.008205,0.013213
291,0.026055,0.008247,0.013742
291,0.026198,0.008434,0.013842
291,0.026153,0.008188,0.013152
291,0.025748,0.008193,0.012760
291,0.025760,0.008192,0.012668
291,0.025699,0.008184,0.012748
291,0.025297,0.008004,0.012761
291,0.025175,0.008020,0.012811
291,0.026789,0.008599,0.014042
292,0.027271,0.008719,0.014282
292,0.026706,0.008863,0.014708
292,0.026941,0.008662,0.014580
292,0.026695,0.008542,0.014606
292,0.026716,0.008719,0.013727
292,0.026212,0.008365,0.014156
292,0.026593,0.008638,0.014474
292,0.026851,0.008382,0.013528
292,0.026396,0.008948,0.014159
292,0.026328,0.008417,0.013320
293,0.026389,0.008636,0.013490
293,0.026113,0.008381,0.013827
293,0.025850,0.008397,0.013593
293,0.025840,0.008337,0.013745
293,0.026993,0.008829,0.015216
293,0.028681,0.010051,0.016552
293,0.029400,0.010310,0.016182
293,0.027911,0.009594,0.014976
293,0.027048,0.008802,0.014200
293,0.026240,0.008469,0.013884
294,0.026611,0.008497,0.013918
294,0.026792,0.008521,0.013930
294,0.026797,0.008552,0.013841
294,0.026806,0.008432,0.013783
294,0.026676,0.008680,0.013950
294,0.028240,0.009352,0.015217
294,0.028014,0.009605,0.015057
294,0.026741,0.008421,0.013106
294,0.026621,0.008432,0.013075
294,0.026887,0.008477,0.013102
295,0.026980,0.008595,0.013277
295,0.027109,0.008602,0.013378
295,0.026937,0.008535,0.013214
295,0.026973,0.008508,0.013272
295,0.026841,0.008508,0.013181
295,0.026391,0.008345,0.013137
295,0.026334,0.008346,0.012909
295,0.026416,0.008324,0.012920
295,0.026806,0.008532,0.013298
295,0.027214,0.008537,0.013335
296,0.027250,0.008553,0.013589
296,0.027382,0.008704,0.013362
296,0.027115,0.008574,0.013323
296,0.026699,0.008436,0.013022
296,0.026462,0.008349,0.013137
296,0.027230,0.008900,0.013749
296,0.027370,0.008666,0.013738
296,0.035273,0.017405,0.015468
296,0.028209,0.009476,0.015705
296,0.028726,0.009764,0.016022
297,0.028230,0.008877,0.014581
297,0.027697,0.009021,0.014314
297,0.027599,0.009746,0.015773
297,0.028446,0.009742,0.016076
297,0.028654,0.009911,0.016020
297,0.028632,0.009058,0.014662
297,0.027094,0.008948,0.014413
297,0.027055,0.008750,0.014931
297,0.027575,0.009011,0.014591
297,0.027030,0.008773,0.014391
298,0.027271,0.008925,0.014532
298,0.028969,0.008894,0.014487
298,0.027234,0.008885,0.014377
298,0.027742,0.009513,0.015577
298,0.028322,0.009950,0.015706
298,0.028696,0.009826,0.018036
298,0.028494,0.008907,0.013792
298,0.027810,0.008804,0.014574
298,0.027921,0.008917,0.014582
298,0.028044,0.008878,0.013684
299,0.028065,0.009032,0.014834
299,0.028210,0.009276,0.015253
299,0.028336,0.009174,0.015359
299,0.028327,0.008894,0.014107
299,0.028062,0.008882,0.013876
299,0.027489,0.008789,0.014781
299,0.029211,0.009404,0.015155
299,0.028441,0.009158,0.015403
299,0.028560,0.009326,0.015489
299,0.028418,0.009314,0.015644